timestamp,x,y,left_click,right_click,reg_dx,reg_dy,reg_magnitude,clss_dir
1769417408.2876706,4757,773,0.0,0.0,0.0,0.0,0.0,rest
1769417408.2939403,4757,773,0.0,0.0,0.0,0.0,0.0,rest
1769417408.2969372,4756,773,0.0,0.0,-1.0,0.0,1.0,rest
1769417408.298941,4755,773,0.0,0.0,-1.0,0.0,1.0,rest
1769417408.300938,4754,773,0.0,0.0,-1.0,0.0,1.0,rest
1769417408.3029363,4753,773,0.0,0.0,-1.0,0.0,1.0,rest
1769417408.3039374,4752,773,0.0,0.0,-1.0,0.0,1.0,rest
1769417408.3049366,4751,773,0.0,0.0,-1.0,0.0,1.0,rest
1769417408.3059368,4751,773,0.0,0.0,0.0,0.0,0.0,rest
1769417408.3069415,4750,773,0.0,0.0,-1.0,0.0,1.0,rest
1769417408.308972,4749,773,0.0,0.0,-1.0,0.0,1.0,rest
1769417408.3109703,4748,772,0.0,0.0,-1.0,-1.0,1.4142135623730951,rest
1769417408.3119705,4747,772,0.0,0.0,-1.0,0.0,1.0,rest
1769417408.3139756,4746,772,0.0,0.0,-1.0,0.0,1.0,rest
1769417408.3159757,4745,772,0.0,0.0,-1.0,0.0,1.0,rest
1769417408.3179758,4745,772,0.0,0.0,0.0,0.0,0.0,rest
1769417408.3229752,4744,772,0.0,0.0,-1.0,0.0,1.0,rest
1769417408.3259747,4743,772,0.0,0.0,-1.0,0.0,1.0,rest
1769417408.3269749,4742,772,0.0,0.0,-1.0,0.0,1.0,rest
1769417408.329099,4742,772,0.0,0.0,0.0,0.0,0.0,rest
1769417408.330097,4741,772,0.0,0.0,-1.0,0.0,1.0,rest
1769417408.331092,4740,772,0.0,0.0,-1.0,0.0,1.0,rest
1769417408.3331904,4739,773,0.0,0.0,-1.0,1.0,1.4142135623730951,rest
1769417408.33419,4739,773,0.0,0.0,0.0,0.0,0.0,rest
1769417408.3350692,4738,773,0.0,0.0,-1.0,0.0,1.0,rest
1769417408.336095,4738,773,0.0,0.0,0.0,0.0,0.0,rest
1769417408.33719,4737,773,0.0,0.0,-1.0,0.0,1.0,rest
1769417408.338194,4736,773,0.0,0.0,-1.0,0.0,1.0,rest
1769417408.339193,4735,774,0.0,0.0,-1.0,1.0,1.4142135623730951,rest
1769417408.3421962,4734,774,0.0,0.0,-1.0,0.0,1.0,rest
1769417408.344195,4734,775,0.0,0.0,0.0,1.0,1.0,rest
1769417408.345194,4733,775,0.0,0.0,-1.0,0.0,1.0,rest
1769417408.3481944,4733,775,0.0,0.0,0.0,0.0,0.0,rest
1769417408.3531954,4732,775,0.0,0.0,-1.0,0.0,1.0,rest
1769417408.3561895,4732,776,0.0,0.0,0.0,1.0,1.0,rest
1769417408.36219,4732,777,0.0,0.0,0.0,1.0,1.0,rest
1769417408.3641896,4731,777,0.0,0.0,-1.0,0.0,1.0,rest
1769417410.09332,4731,777,0.0,0.0,0.0,0.0,0.0,rest
1769417410.106576,4732,777,0.0,0.0,1.0,0.0,1.0,rest
1769417410.109578,4732,777,0.0,0.0,0.0,0.0,0.0,rest
1769417410.114585,4733,777,0.0,0.0,1.0,0.0,1.0,rest
1769417410.1185858,4734,777,0.0,0.0,1.0,0.0,1.0,rest
1769417410.1245842,4735,777,0.0,0.0,1.0,0.0,1.0,rest
1769417410.130102,4736,777,0.0,0.0,1.0,0.0,1.0,rest
1769417410.132101,4737,777,0.0,0.0,1.0,0.0,1.0,rest
1769417410.1350996,4738,777,0.0,0.0,1.0,0.0,1.0,rest
1769417410.1371007,4738,777,0.0,0.0,0.0,0.0,0.0,rest
1769417410.1390994,4739,777,0.0,0.0,1.0,0.0,1.0,rest
1769417410.1401012,4739,777,0.0,0.0,0.0,0.0,0.0,rest
1769417410.1411006,4740,777,0.0,0.0,1.0,0.0,1.0,rest
1769417410.1430995,4741,777,0.0,0.0,1.0,0.0,1.0,rest
1769417410.1451004,4742,777,0.0,0.0,1.0,0.0,1.0,rest
1769417410.1461003,4743,777,0.0,0.0,1.0,0.0,1.0,rest
1769417410.1481,4744,777,0.0,0.0,1.0,0.0,1.0,rest
1769417410.14919,4744,777,0.0,0.0,0.0,0.0,0.0,rest
1769417410.1510684,4745,777,0.0,0.0,1.0,0.0,1.0,rest
1769417410.1532533,4746,777,0.0,0.0,1.0,0.0,1.0,rest
1769417410.1542614,4747,777,0.0,0.0,1.0,0.0,1.0,rest
1769417410.1542614,4748,777,0.0,0.0,1.0,0.0,1.0,rest
1769417410.1572592,4749,777,0.0,0.0,1.0,0.0,1.0,rest
1769417410.1582592,4750,777,0.0,0.0,1.0,0.0,1.0,rest
1769417410.1582592,4750,777,0.0,0.0,0.0,0.0,0.0,rest
1769417410.1612594,4751,777,0.0,0.0,1.0,0.0,1.0,rest
1769417410.1612594,4752,777,0.0,0.0,1.0,0.0,1.0,rest
1769417410.1632595,4754,777,0.0,0.0,2.0,0.0,2.0,right
1769417410.164259,4755,777,0.0,0.0,1.0,0.0,1.0,rest
1769417410.1655912,4756,777,0.0,0.0,1.0,0.0,1.0,rest
1769417410.1665971,4756,777,0.0,0.0,0.0,0.0,0.0,rest
1769417410.1686015,4757,777,0.0,0.0,1.0,0.0,1.0,rest
1769417410.1695998,4758,777,0.0,0.0,1.0,0.0,1.0,rest
1769417410.1705968,4759,777,0.0,0.0,1.0,0.0,1.0,rest
1769417410.1715982,4760,777,0.0,0.0,1.0,0.0,1.0,rest
1769417410.172597,4761,777,0.0,0.0,1.0,0.0,1.0,rest
1769417410.173598,4762,777,0.0,0.0,1.0,0.0,1.0,rest
1769417410.174597,4762,777,0.0,0.0,0.0,0.0,0.0,rest
1769417410.1765976,4763,777,0.0,0.0,1.0,0.0,1.0,rest
1769417410.1785982,4764,777,0.0,0.0,1.0,0.0,1.0,rest
1769417410.179599,4765,777,0.0,0.0,1.0,0.0,1.0,rest
1769417410.1808944,4766,777,0.0,0.0,1.0,0.0,1.0,rest
1769417410.182902,4767,777,0.0,0.0,1.0,0.0,1.0,rest
1769417410.1839006,4768,777,0.0,0.0,1.0,0.0,1.0,rest
1769417410.1849024,4768,777,0.0,0.0,0.0,0.0,0.0,rest
1769417410.186902,4769,777,0.0,0.0,1.0,0.0,1.0,rest
1769417410.1879015,4770,777,0.0,0.0,1.0,0.0,1.0,rest
1769417410.189902,4771,777,0.0,0.0,1.0,0.0,1.0,rest
1769417410.190902,4772,777,0.0,0.0,1.0,0.0,1.0,rest
1769417410.1919022,4773,777,0.0,0.0,1.0,0.0,1.0,rest
1769417410.193179,4774,777,0.0,0.0,1.0,0.0,1.0,rest
1769417410.193179,4774,777,0.0,0.0,0.0,0.0,0.0,rest
1769417410.1951888,4775,777,0.0,0.0,1.0,0.0,1.0,rest
1769417410.197182,4776,777,0.0,0.0,1.0,0.0,1.0,rest
1769417410.1981928,4777,777,0.0,0.0,1.0,0.0,1.0,rest
1769417410.2001896,4778,777,0.0,0.0,1.0,0.0,1.0,rest
1769417410.2011943,4779,777,0.0,0.0,1.0,0.0,1.0,rest
1769417410.204075,4780,777,0.0,0.0,1.0,0.0,1.0,rest
1769417410.2050743,4780,777,0.0,0.0,0.0,0.0,0.0,rest
1769417410.2070744,4781,777,0.0,0.0,1.0,0.0,1.0,rest
1769417410.2080746,4782,777,0.0,0.0,1.0,0.0,1.0,rest
1769417410.2100737,4783,777,0.0,0.0,1.0,0.0,1.0,rest
1769417410.2120745,4784,777,0.0,0.0,1.0,0.0,1.0,rest
1769417410.2140794,4785,777,0.0,0.0,1.0,0.0,1.0,rest
1769417410.2165174,4786,777,0.0,0.0,1.0,0.0,1.0,rest
1769417410.217517,4786,777,0.0,0.0,0.0,0.0,0.0,rest
1769417410.2198794,4787,777,0.0,0.0,1.0,0.0,1.0,rest
1769417410.220892,4788,777,0.0,0.0,1.0,0.0,1.0,rest
1769417410.2218924,4789,777,0.0,0.0,1.0,0.0,1.0,rest
1769417410.2238934,4790,777,0.0,0.0,1.0,0.0,1.0,rest
1769417410.224892,4791,777,0.0,0.0,1.0,0.0,1.0,rest
1769417410.2268918,4792,777,0.0,0.0,1.0,0.0,1.0,rest
1769417410.2283976,4793,777,0.0,0.0,1.0,0.0,1.0,rest
1769417410.2294044,4794,777,0.0,0.0,1.0,0.0,1.0,rest
1769417410.2304058,4796,777,0.0,0.0,2.0,0.0,2.0,right
1769417410.2314053,4797,777,0.0,0.0,1.0,0.0,1.0,rest
1769417410.232852,4798,777,0.0,0.0,1.0,0.0,1.0,rest
1769417410.233857,4799,777,0.0,0.0,1.0,0.0,1.0,rest
1769417410.2348557,4799,777,0.0,0.0,0.0,0.0,0.0,rest
1769417410.2371883,4800,777,0.0,0.0,1.0,0.0,1.0,rest
1769417410.238191,4801,777,0.0,0.0,1.0,0.0,1.0,rest
1769417410.2391908,4802,777,0.0,0.0,1.0,0.0,1.0,rest
1769417410.2401938,4803,777,0.0,0.0,1.0,0.0,1.0,rest
1769417410.24119,4805,777,0.0,0.0,2.0,0.0,2.0,right
1769417410.242196,4805,777,0.0,0.0,0.0,0.0,0.0,rest
1769417410.2441945,4806,777,0.0,0.0,1.0,0.0,1.0,rest
1769417410.2451952,4807,777,0.0,0.0,1.0,0.0,1.0,rest
1769417410.246196,4808,777,0.0,0.0,1.0,0.0,1.0,rest
1769417410.2471943,4810,776,0.0,0.0,2.0,-1.0,2.23606797749979,right
1769417410.2481942,4811,776,0.0,0.0,1.0,0.0,1.0,rest
1769417410.249195,4812,776,0.0,0.0,1.0,0.0,1.0,rest
1769417410.2501948,4812,776,0.0,0.0,0.0,0.0,0.0,rest
1769417410.2511938,4813,776,0.0,0.0,1.0,0.0,1.0,rest
1769417410.252195,4815,776,0.0,0.0,2.0,0.0,2.0,right
1769417410.2531958,4817,776,0.0,0.0,2.0,0.0,2.0,right
1769417410.254195,4819,776,0.0,0.0,2.0,0.0,2.0,right
1769417410.2551942,4820,776,0.0,0.0,1.0,0.0,1.0,rest
1769417410.2561948,4822,776,0.0,0.0,2.0,0.0,2.0,right
1769417410.2571952,4822,776,0.0,0.0,0.0,0.0,0.0,rest
1769417410.25819,4824,776,0.0,0.0,2.0,0.0,2.0,right
1769417410.2590685,4826,776,0.0,0.0,2.0,0.0,2.0,right
1769417410.2601936,4828,776,0.0,0.0,2.0,0.0,2.0,right
1769417410.2612,4829,775,0.0,0.0,1.0,-1.0,1.4142135623730951,rest
1769417410.262198,4831,775,0.0,0.0,2.0,0.0,2.0,right
1769417410.2631977,4833,775,0.0,0.0,2.0,0.0,2.0,right
1769417410.264199,4834,775,0.0,0.0,1.0,0.0,1.0,rest
1769417410.264199,4834,775,0.0,0.0,0.0,0.0,0.0,rest
1769417410.2654166,4836,775,0.0,0.0,2.0,0.0,2.0,right
1769417410.2664213,4838,775,0.0,0.0,2.0,0.0,2.0,right
1769417410.2674248,4840,775,0.0,0.0,2.0,0.0,2.0,right
1769417410.269432,4842,775,0.0,0.0,2.0,0.0,2.0,right
1769417410.2704358,4843,775,0.0,0.0,1.0,0.0,1.0,rest
1769417410.2714362,4844,775,0.0,0.0,1.0,0.0,1.0,rest
1769417410.272436,4846,775,0.0,0.0,2.0,0.0,2.0,right
1769417410.2738612,4847,775,0.0,0.0,1.0,0.0,1.0,rest
1769417410.2761912,4848,775,0.0,0.0,1.0,0.0,1.0,rest
1769417410.2771966,4850,775,0.0,0.0,2.0,0.0,2.0,right
1769417410.27819,4851,775,0.0,0.0,1.0,0.0,1.0,rest
1769417410.2791884,4852,775,0.0,0.0,1.0,0.0,1.0,rest
1769417410.280194,4853,775,0.0,0.0,1.0,0.0,1.0,rest
1769417410.281193,4854,775,0.0,0.0,1.0,0.0,1.0,rest
1769417410.2821946,4854,775,0.0,0.0,0.0,0.0,0.0,rest
1769417410.2831914,4855,775,0.0,0.0,1.0,0.0,1.0,rest
1769417410.2841918,4857,775,0.0,0.0,2.0,0.0,2.0,right
1769417410.2851927,4858,775,0.0,0.0,1.0,0.0,1.0,rest
1769417410.286193,4859,775,0.0,0.0,1.0,0.0,1.0,rest
1769417410.287192,4860,775,0.0,0.0,1.0,0.0,1.0,rest
1769417410.288193,4860,775,0.0,0.0,0.0,0.0,0.0,rest
1769417410.289193,4861,775,0.0,0.0,1.0,0.0,1.0,rest
1769417410.289193,4862,775,0.0,0.0,1.0,0.0,1.0,rest
1769417410.2904863,4863,775,0.0,0.0,1.0,0.0,1.0,rest
1769417410.2914915,4864,775,0.0,0.0,1.0,0.0,1.0,rest
1769417410.2924905,4865,775,0.0,0.0,1.0,0.0,1.0,rest
1769417410.293492,4866,775,0.0,0.0,1.0,0.0,1.0,rest
1769417410.2961898,4866,775,0.0,0.0,0.0,0.0,0.0,rest
1769417410.2971897,4867,775,0.0,0.0,1.0,0.0,1.0,rest
1769417410.2981944,4868,775,0.0,0.0,1.0,0.0,1.0,rest
1769417410.2989511,4870,775,0.0,0.0,2.0,0.0,2.0,right
1769417410.299964,4871,775,0.0,0.0,1.0,0.0,1.0,rest
1769417410.301962,4872,775,0.0,0.0,1.0,0.0,1.0,rest
1769417410.3029616,4873,775,0.0,0.0,1.0,0.0,1.0,rest
1769417410.3039622,4873,775,0.0,0.0,0.0,0.0,0.0,rest
1769417410.3049614,4874,775,0.0,0.0,1.0,0.0,1.0,rest
1769417410.305961,4875,775,0.0,0.0,1.0,0.0,1.0,rest
1769417410.305961,4876,775,0.0,0.0,1.0,0.0,1.0,rest
1769417410.3073418,4878,775,0.0,0.0,2.0,0.0,2.0,right
1769417410.308349,4879,775,0.0,0.0,1.0,0.0,1.0,rest
1769417410.3093505,4879,775,0.0,0.0,0.0,0.0,0.0,rest
1769417410.3103476,4880,775,0.0,0.0,1.0,0.0,1.0,rest
1769417410.311348,4881,775,0.0,0.0,1.0,0.0,1.0,rest
1769417410.312347,4883,775,0.0,0.0,2.0,0.0,2.0,right
1769417410.3133469,4885,775,0.0,0.0,2.0,0.0,2.0,right
1769417410.31435,4886,775,0.0,0.0,1.0,0.0,1.0,rest
1769417410.3161886,4888,775,0.0,0.0,2.0,0.0,2.0,right
1769417410.3171935,4888,775,0.0,0.0,0.0,0.0,0.0,rest
1769417410.3181927,4891,775,0.0,0.0,3.0,0.0,3.0,right
1769417410.3181927,4892,775,0.0,0.0,1.0,0.0,1.0,rest
1769417410.3196182,4894,775,0.0,0.0,2.0,0.0,2.0,right
1769417410.3206227,4895,774,0.0,0.0,1.0,-1.0,1.4142135623730951,rest
1769417410.3216226,4897,774,0.0,0.0,2.0,0.0,2.0,right
1769417410.322623,4899,774,0.0,0.0,2.0,0.0,2.0,right
1769417410.323878,4900,774,0.0,0.0,1.0,0.0,1.0,rest
1769417410.3248832,4901,774,0.0,0.0,1.0,0.0,1.0,rest
1769417410.325883,4903,774,0.0,0.0,2.0,0.0,2.0,right
1769417410.3268828,4904,774,0.0,0.0,1.0,0.0,1.0,rest
1769417410.3268828,4906,774,0.0,0.0,2.0,0.0,2.0,right
1769417410.3283887,4908,774,0.0,0.0,2.0,0.0,2.0,right
1769417410.329393,4910,774,0.0,0.0,2.0,0.0,2.0,right
1769417410.3303928,4912,774,0.0,0.0,2.0,0.0,2.0,right
1769417410.3313937,4912,774,0.0,0.0,0.0,0.0,0.0,rest
1769417410.3331912,4914,774,0.0,0.0,2.0,0.0,2.0,right
1769417410.3341897,4915,774,0.0,0.0,1.0,0.0,1.0,rest
1769417410.335194,4917,774,0.0,0.0,2.0,0.0,2.0,right
1769417410.336198,4919,774,0.0,0.0,2.0,0.0,2.0,right
1769417410.3371987,4920,774,0.0,0.0,1.0,0.0,1.0,rest
1769417410.3381984,4921,774,0.0,0.0,1.0,0.0,1.0,rest
1769417410.3391974,4923,774,0.0,0.0,2.0,0.0,2.0,right
1769417410.3391974,4924,774,0.0,0.0,1.0,0.0,1.0,rest
1769417410.3405263,4926,774,0.0,0.0,2.0,0.0,2.0,right
1769417410.3415413,4927,774,0.0,0.0,1.0,0.0,1.0,rest
1769417410.3425405,4929,774,0.0,0.0,2.0,0.0,2.0,right
1769417410.3435404,4931,774,0.0,0.0,2.0,0.0,2.0,right
1769417410.3445415,4933,774,0.0,0.0,2.0,0.0,2.0,right
1769417410.345547,4934,774,0.0,0.0,1.0,0.0,1.0,rest
1769417410.3465426,4935,774,0.0,0.0,1.0,0.0,1.0,rest
1769417410.3475404,4937,774,0.0,0.0,2.0,0.0,2.0,right
1769417410.3488052,4939,774,0.0,0.0,2.0,0.0,2.0,right
1769417410.349808,4941,774,0.0,0.0,2.0,0.0,2.0,right
1769417410.3508089,4942,774,0.0,0.0,1.0,0.0,1.0,rest
1769417410.3518083,4943,774,0.0,0.0,1.0,0.0,1.0,rest
1769417410.35319,4945,774,0.0,0.0,2.0,0.0,2.0,right
1769417410.3541896,4945,774,0.0,0.0,0.0,0.0,0.0,rest
1769417410.355194,4947,774,0.0,0.0,2.0,0.0,2.0,right
1769417410.3561933,4948,774,0.0,0.0,1.0,0.0,1.0,rest
1769417410.3571908,4949,774,0.0,0.0,1.0,0.0,1.0,rest
1769417410.3581898,4950,774,0.0,0.0,1.0,0.0,1.0,rest
1769417410.3591938,4951,774,0.0,0.0,1.0,0.0,1.0,rest
1769417410.3601952,4952,774,0.0,0.0,1.0,0.0,1.0,rest
1769417410.362235,4954,774,0.0,0.0,2.0,0.0,2.0,right
1769417410.362235,4955,774,0.0,0.0,1.0,0.0,1.0,rest
1769417410.3642368,4956,774,0.0,0.0,1.0,0.0,1.0,rest
1769417410.3653388,4957,774,0.0,0.0,1.0,0.0,1.0,rest
1769417410.366342,4958,774,0.0,0.0,1.0,0.0,1.0,rest
1769417410.3673422,4959,774,0.0,0.0,1.0,0.0,1.0,rest
1769417410.3683426,4959,774,0.0,0.0,0.0,0.0,0.0,rest
1769417410.369343,4960,774,0.0,0.0,1.0,0.0,1.0,rest
1769417410.3703425,4961,774,0.0,0.0,1.0,0.0,1.0,rest
1769417410.371346,4962,774,0.0,0.0,1.0,0.0,1.0,rest
1769417410.3723433,4963,774,0.0,0.0,1.0,0.0,1.0,rest
1769417410.3734555,4964,774,0.0,0.0,1.0,0.0,1.0,rest
1769417410.3751886,4965,774,0.0,0.0,1.0,0.0,1.0,rest
1769417410.3751886,4965,774,0.0,0.0,0.0,0.0,0.0,rest
1769417410.376346,4966,774,0.0,0.0,1.0,0.0,1.0,rest
1769417410.3781886,4968,774,0.0,0.0,2.0,0.0,2.0,right
1769417410.3790684,4969,774,0.0,0.0,1.0,0.0,1.0,rest
1769417410.3790684,4970,774,0.0,0.0,1.0,0.0,1.0,rest
1769417410.3817775,4972,774,0.0,0.0,2.0,0.0,2.0,right
1769417410.3827827,4972,774,0.0,0.0,0.0,0.0,0.0,rest
1769417410.3837826,4973,774,0.0,0.0,1.0,0.0,1.0,rest
1769417410.3847826,4975,774,0.0,0.0,2.0,0.0,2.0,right
1769417410.385942,4976,774,0.0,0.0,1.0,0.0,1.0,rest
1769417410.3879485,4977,774,0.0,0.0,1.0,0.0,1.0,rest
1769417410.388945,4978,775,0.0,0.0,1.0,1.0,1.4142135623730951,rest
1769417410.390226,4979,775,0.0,0.0,1.0,0.0,1.0,rest
1769417410.390226,4980,775,0.0,0.0,1.0,0.0,1.0,rest
1769417410.3922317,4981,775,0.0,0.0,1.0,0.0,1.0,rest
1769417410.393232,4983,775,0.0,0.0,2.0,0.0,2.0,right
1769417410.394528,4984,775,0.0,0.0,1.0,0.0,1.0,rest
1769417410.3961885,4985,775,0.0,0.0,1.0,0.0,1.0,rest
1769417410.397236,4986,775,0.0,0.0,1.0,0.0,1.0,rest
1769417410.397236,4986,775,0.0,0.0,0.0,0.0,0.0,rest
1769417410.399068,4988,775,0.0,0.0,2.0,0.0,2.0,right
1769417410.400073,4989,775,0.0,0.0,1.0,0.0,1.0,rest
1769417410.4010742,4990,775,0.0,0.0,1.0,0.0,1.0,rest
1769417410.4020731,4991,775,0.0,0.0,1.0,0.0,1.0,rest
1769417410.4030726,4992,775,0.0,0.0,1.0,0.0,1.0,rest
1769417410.4040744,4993,775,0.0,0.0,1.0,0.0,1.0,rest
1769417410.4050746,4993,775,0.0,0.0,0.0,0.0,0.0,rest
1769417410.4060757,4995,775,0.0,0.0,2.0,0.0,2.0,right
1769417410.407173,4996,775,0.0,0.0,1.0,0.0,1.0,rest
1769417410.4081783,4997,775,0.0,0.0,1.0,0.0,1.0,rest
1769417410.409178,4998,775,0.0,0.0,1.0,0.0,1.0,rest
1769417410.4101777,4999,775,0.0,0.0,1.0,0.0,1.0,rest
1769417410.4111767,5000,775,0.0,0.0,1.0,0.0,1.0,rest
1769417410.4121785,5002,775,0.0,0.0,2.0,0.0,2.0,right
1769417410.4131784,5003,775,0.0,0.0,1.0,0.0,1.0,rest
1769417410.4141848,5005,775,0.0,0.0,2.0,0.0,2.0,right
1769417410.4141848,5006,775,0.0,0.0,1.0,0.0,1.0,rest
1769417410.4152937,5008,775,0.0,0.0,2.0,0.0,2.0,right
1769417410.4171898,5009,775,0.0,0.0,1.0,0.0,1.0,rest
1769417410.4181962,5010,775,0.0,0.0,1.0,0.0,1.0,rest
1769417410.4191887,5011,775,0.0,0.0,1.0,0.0,1.0,rest
1769417410.42019,5012,775,0.0,0.0,1.0,0.0,1.0,rest
1769417410.4211962,5014,775,0.0,0.0,2.0,0.0,2.0,right
1769417410.4221947,5016,774,0.0,0.0,2.0,-1.0,2.23606797749979,right
1769417410.4221947,5017,774,0.0,0.0,1.0,0.0,1.0,rest
1769417410.4236355,5018,774,0.0,0.0,1.0,0.0,1.0,rest
1769417410.424639,5018,774,0.0,0.0,0.0,0.0,0.0,rest
1769417410.42564,5021,774,0.0,0.0,3.0,0.0,3.0,right
1769417410.4266405,5022,774,0.0,0.0,1.0,0.0,1.0,rest
1769417410.4280028,5023,774,0.0,0.0,1.0,0.0,1.0,rest
1769417410.4285064,5025,774,0.0,0.0,2.0,0.0,2.0,right
1769417410.4295142,5026,773,0.0,0.0,1.0,-1.0,1.4142135623730951,rest
1769417410.4305124,5029,773,0.0,0.0,3.0,0.0,3.0,right
1769417410.4319856,5029,773,0.0,0.0,0.0,0.0,0.0,rest
1769417410.4329915,5031,773,0.0,0.0,2.0,0.0,2.0,right
1769417410.433992,5033,772,0.0,0.0,2.0,-1.0,2.23606797749979,right
1769417410.4349923,5035,772,0.0,0.0,2.0,0.0,2.0,right
1769417410.4361937,5038,772,0.0,0.0,3.0,0.0,3.0,right
1769417410.4371889,5039,772,0.0,0.0,1.0,0.0,1.0,rest
1769417410.4376805,5042,772,0.0,0.0,3.0,0.0,3.0,right
1769417410.4386878,5044,772,0.0,0.0,2.0,0.0,2.0,right
1769417410.440047,5046,772,0.0,0.0,2.0,0.0,2.0,right
1769417410.4410536,5048,772,0.0,0.0,2.0,0.0,2.0,right
1769417410.4420533,5050,772,0.0,0.0,2.0,0.0,2.0,right
1769417410.4430535,5053,772,0.0,0.0,3.0,0.0,3.0,right
1769417410.4430535,5055,772,0.0,0.0,2.0,0.0,2.0,right
1769417410.4445014,5057,772,0.0,0.0,2.0,0.0,2.0,right
1769417410.445509,5059,772,0.0,0.0,2.0,0.0,2.0,right
1769417410.4465103,5061,772,0.0,0.0,2.0,0.0,2.0,right
1769417410.4475083,5063,772,0.0,0.0,2.0,0.0,2.0,right
1769417410.4486,5066,772,0.0,0.0,3.0,0.0,3.0,right
1769417410.4496453,5068,772,0.0,0.0,2.0,0.0,2.0,right
1769417410.4506435,5069,772,0.0,0.0,1.0,0.0,1.0,rest
1769417410.4519873,5071,772,0.0,0.0,2.0,0.0,2.0,right
1769417410.4529953,5073,772,0.0,0.0,2.0,0.0,2.0,right
1769417410.453993,5075,772,0.0,0.0,2.0,0.0,2.0,right
1769417410.4549932,5076,772,0.0,0.0,1.0,0.0,1.0,rest
1769417410.4559932,5079,772,0.0,0.0,3.0,0.0,3.0,right
1769417410.45719,5081,772,0.0,0.0,2.0,0.0,2.0,right
1769417410.458119,5083,772,0.0,0.0,2.0,0.0,2.0,right
1769417410.459129,5085,772,0.0,0.0,2.0,0.0,2.0,right
1769417410.4601312,5087,772,0.0,0.0,2.0,0.0,2.0,right
1769417410.4611397,5089,772,0.0,0.0,2.0,0.0,2.0,right
1769417410.4621427,5091,772,0.0,0.0,2.0,0.0,2.0,right
1769417410.463143,5093,772,0.0,0.0,2.0,0.0,2.0,right
1769417410.4641428,5096,772,0.0,0.0,3.0,0.0,3.0,right
1769417410.4641428,5098,772,0.0,0.0,2.0,0.0,2.0,right
1769417410.465292,5100,772,0.0,0.0,2.0,0.0,2.0,right
1769417410.466298,5103,772,0.0,0.0,3.0,0.0,3.0,right
1769417410.4672952,5105,772,0.0,0.0,2.0,0.0,2.0,right
1769417410.4682963,5107,772,0.0,0.0,2.0,0.0,2.0,right
1769417410.469342,5110,773,0.0,0.0,3.0,1.0,3.1622776601683795,right
1769417410.4703455,5112,773,0.0,0.0,2.0,0.0,2.0,right
1769417410.4713454,5114,773,0.0,0.0,2.0,0.0,2.0,right
1769417410.472345,5116,773,0.0,0.0,2.0,0.0,2.0,right
1769417410.4734542,5119,773,0.0,0.0,3.0,0.0,3.0,right
1769417410.4751885,5120,773,0.0,0.0,1.0,0.0,1.0,rest
1769417410.4761896,5122,773,0.0,0.0,2.0,0.0,2.0,right
1769417410.477194,5124,774,0.0,0.0,2.0,1.0,2.23606797749979,right
1769417410.4781902,5127,774,0.0,0.0,3.0,0.0,3.0,right
1769417410.4791946,5128,774,0.0,0.0,1.0,0.0,1.0,rest
1769417410.4801967,5131,774,0.0,0.0,3.0,0.0,3.0,right
1769417410.481194,5134,774,0.0,0.0,3.0,0.0,3.0,right
1769417410.4821975,5136,775,0.0,0.0,2.0,1.0,2.23606797749979,right
1769417410.483194,5139,775,0.0,0.0,3.0,0.0,3.0,right
1769417410.4841952,5141,775,0.0,0.0,2.0,0.0,2.0,right
1769417410.485195,5143,775,0.0,0.0,2.0,0.0,2.0,right
1769417410.4861965,5145,775,0.0,0.0,2.0,0.0,2.0,right
1769417410.487194,5148,775,0.0,0.0,3.0,0.0,3.0,right
1769417410.4881966,5149,775,0.0,0.0,1.0,0.0,1.0,rest
1769417410.489195,5152,775,0.0,0.0,3.0,0.0,3.0,right
1769417410.489195,5154,775,0.0,0.0,2.0,0.0,2.0,right
1769417410.4905553,5157,775,0.0,0.0,3.0,0.0,3.0,right
1769417410.4915593,5158,775,0.0,0.0,1.0,0.0,1.0,rest
1769417410.4925597,5161,775,0.0,0.0,3.0,0.0,3.0,right
1769417410.493559,5162,776,0.0,0.0,1.0,1.0,1.4142135623730951,rest
1769417410.4951885,5164,776,0.0,0.0,2.0,0.0,2.0,right
1769417410.4961936,5166,776,0.0,0.0,2.0,0.0,2.0,right
1769417410.497193,5168,776,0.0,0.0,2.0,0.0,2.0,right
1769417410.497193,5170,776,0.0,0.0,2.0,0.0,2.0,right
1769417410.4984422,5172,776,0.0,0.0,2.0,0.0,2.0,right
1769417410.499445,5174,776,0.0,0.0,2.0,0.0,2.0,right
1769417410.5004456,5176,776,0.0,0.0,2.0,0.0,2.0,right
1769417410.5014465,5177,777,0.0,0.0,1.0,1.0,1.4142135623730951,rest
1769417410.5028036,5180,777,0.0,0.0,3.0,0.0,3.0,right
1769417410.503807,5182,777,0.0,0.0,2.0,0.0,2.0,right
1769417410.504807,5182,777,0.0,0.0,0.0,0.0,0.0,rest
1769417410.5058086,5184,777,0.0,0.0,2.0,0.0,2.0,right
1769417410.507203,5186,778,0.0,0.0,2.0,1.0,2.23606797749979,right
1769417410.5082097,5189,778,0.0,0.0,3.0,0.0,3.0,right
1769417410.509208,5190,778,0.0,0.0,1.0,0.0,1.0,rest
1769417410.5102074,5191,778,0.0,0.0,1.0,0.0,1.0,rest
1769417410.5102074,5193,778,0.0,0.0,2.0,0.0,2.0,right
1769417410.5113535,5196,778,0.0,0.0,3.0,0.0,3.0,right
1769417410.5123582,5197,778,0.0,0.0,1.0,0.0,1.0,rest
1769417410.513358,5199,778,0.0,0.0,2.0,0.0,2.0,right
1769417410.5143616,5200,779,0.0,0.0,1.0,1.0,1.4142135623730951,rest
1769417410.5153627,5203,779,0.0,0.0,3.0,0.0,3.0,right
1769417410.5163624,5205,779,0.0,0.0,2.0,0.0,2.0,right
1769417410.517362,5205,779,0.0,0.0,0.0,0.0,0.0,rest
1769417410.518361,5207,779,0.0,0.0,2.0,0.0,2.0,right
1769417410.519361,5209,779,0.0,0.0,2.0,0.0,2.0,right
1769417410.520362,5211,779,0.0,0.0,2.0,0.0,2.0,right
1769417410.5213614,5213,779,0.0,0.0,2.0,0.0,2.0,right
1769417410.522361,5214,779,0.0,0.0,1.0,0.0,1.0,rest
1769417410.5233614,5215,779,0.0,0.0,1.0,0.0,1.0,rest
1769417410.5243616,5216,779,0.0,0.0,1.0,0.0,1.0,rest
1769417410.5253613,5218,779,0.0,0.0,2.0,0.0,2.0,right
1769417410.5263612,5219,779,0.0,0.0,1.0,0.0,1.0,rest
1769417410.527362,5220,779,0.0,0.0,1.0,0.0,1.0,rest
1769417410.528361,5221,779,0.0,0.0,1.0,0.0,1.0,rest
1769417410.5303812,5223,779,0.0,0.0,2.0,0.0,2.0,right
1769417410.531658,5224,779,0.0,0.0,1.0,0.0,1.0,rest
1769417410.5323796,5224,779,0.0,0.0,0.0,0.0,0.0,rest
1769417410.5343804,5225,779,0.0,0.0,1.0,0.0,1.0,rest
1769417410.536382,5226,779,0.0,0.0,1.0,0.0,1.0,rest
1769417410.5393791,5227,779,0.0,0.0,1.0,0.0,1.0,rest
1769417411.1917963,5227,779,1.0,0.0,0.0,0.0,0.0,rest
1769417411.3281908,5227,779,0.0,0.0,0.0,0.0,0.0,rest
1769417411.5592115,5227,779,1.0,0.0,0.0,0.0,0.0,rest
1769417411.6901903,5227,779,0.0,0.0,0.0,0.0,0.0,rest
1769417411.946739,5227,779,1.0,0.0,0.0,0.0,0.0,rest
1769417412.0753324,5227,779,0.0,0.0,0.0,0.0,0.0,rest
1769417412.6701906,5227,779,0.0,0.0,0.0,0.0,0.0,rest
1769417412.6729202,5227,778,0.0,0.0,0.0,-1.0,1.0,rest
1769417412.6749249,5228,778,0.0,0.0,1.0,0.0,1.0,rest
1769417412.6769264,5228,777,0.0,0.0,0.0,-1.0,1.0,rest
1769417412.6779249,5228,776,0.0,0.0,0.0,-1.0,1.0,rest
1769417412.6789236,5228,775,0.0,0.0,0.0,-1.0,1.0,rest
1769417412.6799238,5228,774,0.0,0.0,0.0,-1.0,1.0,rest
1769417412.680925,5228,772,0.0,0.0,0.0,-2.0,2.0,up
1769417412.6819377,5228,771,0.0,0.0,0.0,-1.0,1.0,rest
1769417412.6829371,5228,771,0.0,0.0,0.0,0.0,0.0,rest
1769417412.6839392,5228,769,0.0,0.0,0.0,-2.0,2.0,up
1769417412.6839392,5229,768,0.0,0.0,1.0,-1.0,1.4142135623730951,rest
1769417412.685362,5230,766,0.0,0.0,1.0,-2.0,2.23606797749979,up
1769417412.6863725,5230,765,0.0,0.0,0.0,-1.0,1.0,rest
1769417412.6873655,5230,763,0.0,0.0,0.0,-2.0,2.0,up
1769417412.6883652,5231,761,0.0,0.0,1.0,-2.0,2.23606797749979,up
1769417412.69019,5232,759,0.0,0.0,1.0,-2.0,2.23606797749979,up
1769417412.691068,5232,756,0.0,0.0,0.0,-3.0,3.0,up
1769417412.691068,5232,754,0.0,0.0,0.0,-2.0,2.0,up
1769417412.6923685,5234,752,0.0,0.0,2.0,-2.0,2.8284271247461903,up
1769417412.6938648,5234,750,0.0,0.0,0.0,-2.0,2.0,up
1769417412.6948678,5234,749,0.0,0.0,0.0,-1.0,1.0,rest
1769417412.69587,5234,747,0.0,0.0,0.0,-2.0,2.0,up
1769417412.696868,5234,745,0.0,0.0,0.0,-2.0,2.0,up
1769417412.698099,5235,745,0.0,0.0,1.0,0.0,1.0,rest
1769417412.6991065,5235,743,0.0,0.0,0.0,-2.0,2.0,up
1769417412.7001054,5235,741,0.0,0.0,0.0,-2.0,2.0,up
1769417412.701105,5236,740,0.0,0.0,1.0,-1.0,1.4142135623730951,rest
1769417412.702106,5236,738,0.0,0.0,0.0,-2.0,2.0,up
1769417412.7031057,5237,736,0.0,0.0,1.0,-2.0,2.23606797749979,up
1769417412.7041073,5237,734,0.0,0.0,0.0,-2.0,2.0,up
1769417412.7051065,5238,732,0.0,0.0,1.0,-2.0,2.23606797749979,up
1769417412.7051065,5239,730,0.0,0.0,1.0,-2.0,2.23606797749979,up
1769417412.7063136,5239,729,0.0,0.0,0.0,-1.0,1.0,rest
1769417412.7081895,5239,728,0.0,0.0,0.0,-1.0,1.0,rest
1769417412.7091954,5239,726,0.0,0.0,0.0,-2.0,2.0,up
1769417412.7101896,5241,724,0.0,0.0,2.0,-2.0,2.8284271247461903,up
1769417412.711188,5241,723,0.0,0.0,0.0,-1.0,1.0,rest
1769417412.7121935,5241,721,0.0,0.0,0.0,-2.0,2.0,up
1769417412.7131922,5241,719,0.0,0.0,0.0,-2.0,2.0,up
1769417412.7131922,5241,717,0.0,0.0,0.0,-2.0,2.0,up
1769417412.7145748,5241,716,0.0,0.0,0.0,-1.0,1.0,rest
1769417412.7155778,5242,714,0.0,0.0,1.0,-2.0,2.23606797749979,up
1769417412.716581,5242,712,0.0,0.0,0.0,-2.0,2.0,up
1769417412.7175806,5243,710,0.0,0.0,1.0,-2.0,2.23606797749979,up
1769417412.7188375,5243,708,0.0,0.0,0.0,-2.0,2.0,up
1769417412.7198453,5243,706,0.0,0.0,0.0,-2.0,2.0,up
1769417412.720842,5244,704,0.0,0.0,1.0,-2.0,2.23606797749979,up
1769417412.7218423,5244,702,0.0,0.0,0.0,-2.0,2.0,up
1769417412.7230463,5245,700,0.0,0.0,1.0,-2.0,2.23606797749979,up
1769417412.7240536,5246,698,0.0,0.0,1.0,-2.0,2.23606797749979,up
1769417412.7250528,5246,696,0.0,0.0,0.0,-2.0,2.0,up
1769417412.7260537,5248,694,0.0,0.0,2.0,-2.0,2.8284271247461903,up
1769417412.7260537,5248,694,0.0,0.0,0.0,0.0,0.0,rest
1769417412.7281911,5248,693,0.0,0.0,0.0,-1.0,1.0,rest
1769417412.7291882,5248,691,0.0,0.0,0.0,-2.0,2.0,up
1769417412.7301936,5249,691,0.0,0.0,1.0,0.0,1.0,rest
1769417412.731192,5249,689,0.0,0.0,0.0,-2.0,2.0,up
1769417412.731192,5249,688,0.0,0.0,0.0,-1.0,1.0,rest
1769417412.73319,5250,687,0.0,0.0,1.0,-1.0,1.4142135623730951,rest
1769417412.734196,5250,686,0.0,0.0,0.0,-1.0,1.0,rest
1769417412.7350674,5250,685,0.0,0.0,0.0,-1.0,1.0,rest
1769417412.7360735,5251,683,0.0,0.0,1.0,-2.0,2.23606797749979,up
1769417412.7370722,5251,682,0.0,0.0,0.0,-1.0,1.0,rest
1769417412.7380724,5252,681,0.0,0.0,1.0,-1.0,1.4142135623730951,rest
1769417412.7380724,5253,679,0.0,0.0,1.0,-2.0,2.23606797749979,up
1769417412.739373,5253,678,0.0,0.0,0.0,-1.0,1.0,rest
1769417412.7403765,5254,678,0.0,0.0,1.0,0.0,1.0,rest
1769417412.7413764,5255,677,0.0,0.0,1.0,-1.0,1.4142135623730951,rest
1769417412.7423768,5255,676,0.0,0.0,0.0,-1.0,1.0,rest
1769417412.7438,5255,675,0.0,0.0,0.0,-1.0,1.0,rest
1769417412.744805,5255,674,0.0,0.0,0.0,-1.0,1.0,rest
1769417412.745803,5255,673,0.0,0.0,0.0,-1.0,1.0,rest
1769417412.7468033,5255,672,0.0,0.0,0.0,-1.0,1.0,rest
1769417412.7481303,5256,672,0.0,0.0,1.0,0.0,1.0,rest
1769417412.7491384,5257,671,0.0,0.0,1.0,-1.0,1.4142135623730951,rest
1769417412.7501397,5257,670,0.0,0.0,0.0,-1.0,1.0,rest
1769417412.7511363,5257,669,0.0,0.0,0.0,-1.0,1.0,rest
1769417412.75219,5258,669,0.0,0.0,1.0,0.0,1.0,rest
1769417412.7531898,5259,667,0.0,0.0,1.0,-2.0,2.23606797749979,up
1769417412.7541893,5260,666,0.0,0.0,1.0,-1.0,1.4142135623730951,rest
1769417412.755194,5260,665,0.0,0.0,0.0,-1.0,1.0,rest
1769417412.7561886,5260,665,0.0,0.0,0.0,0.0,0.0,rest
1769417412.7581947,5260,664,0.0,0.0,0.0,-1.0,1.0,rest
1769417412.7591918,5262,663,0.0,0.0,2.0,-1.0,2.23606797749979,right
1769417412.7591918,5262,662,0.0,0.0,0.0,-1.0,1.0,rest
1769417412.762491,5262,661,0.0,0.0,0.0,-1.0,1.0,rest
1769417412.7645798,5262,660,0.0,0.0,0.0,-1.0,1.0,rest
1769417412.7675865,5262,659,0.0,0.0,0.0,-1.0,1.0,rest
1769417412.7685862,5262,659,0.0,0.0,0.0,0.0,0.0,rest
1769417412.7731886,5262,658,0.0,0.0,0.0,-1.0,1.0,rest
1769417412.798929,5262,658,0.0,0.0,0.0,0.0,0.0,rest
1769417412.8041382,5262,657,0.0,0.0,0.0,-1.0,1.0,rest
1769417412.806137,5262,656,0.0,0.0,0.0,-1.0,1.0,rest
1769417412.8071373,5263,656,0.0,0.0,1.0,0.0,1.0,rest
1769417412.8091402,5263,655,0.0,0.0,0.0,-1.0,1.0,rest
1769417412.8091402,5263,654,0.0,0.0,0.0,-1.0,1.0,rest
1769417412.8121884,5263,654,0.0,0.0,0.0,0.0,0.0,rest
1769417412.8131945,5263,653,0.0,0.0,0.0,-1.0,1.0,rest
1769417412.8151884,5263,653,0.0,0.0,0.0,0.0,0.0,rest
1769417412.8172,5263,652,0.0,0.0,0.0,-1.0,1.0,rest
1769417412.8184888,5263,651,0.0,0.0,0.0,-1.0,1.0,rest
1769417412.8194926,5263,651,0.0,0.0,0.0,0.0,0.0,rest
1769417412.8214943,5263,650,0.0,0.0,0.0,-1.0,1.0,rest
1769417412.8225691,5263,649,0.0,0.0,0.0,-1.0,1.0,rest
1769417412.8255785,5263,648,0.0,0.0,0.0,-1.0,1.0,rest
1769417412.826577,5263,647,0.0,0.0,0.0,-1.0,1.0,rest
1769417412.828575,5263,647,0.0,0.0,0.0,0.0,0.0,rest
1769417412.831079,5263,646,0.0,0.0,0.0,-1.0,1.0,rest
1769417412.8331144,5263,645,0.0,0.0,0.0,-1.0,1.0,rest
1769417412.836263,5263,644,0.0,0.0,0.0,-1.0,1.0,rest
1769417412.8397071,5263,643,0.0,0.0,0.0,-1.0,1.0,rest
1769417412.8447473,5263,643,0.0,0.0,0.0,0.0,0.0,rest
1769417412.846745,5263,642,0.0,0.0,0.0,-1.0,1.0,rest
1769417413.0934565,5263,642,1.0,0.0,0.0,0.0,0.0,rest
1769417413.1901896,5263,642,0.0,0.0,0.0,0.0,0.0,rest
1769417413.2663994,5263,642,1.0,0.0,0.0,0.0,0.0,rest
1769417413.380081,5263,642,0.0,0.0,0.0,0.0,0.0,rest
1769417415.3821898,5263,642,0.0,0.0,0.0,0.0,0.0,rest
1769417415.3905385,5263,642,0.0,0.0,0.0,0.0,0.0,rest
1769417415.39154,5262,642,0.0,0.0,-1.0,0.0,1.0,rest
1769417415.39354,5261,643,0.0,0.0,-1.0,1.0,1.4142135623730951,rest
1769417415.39454,5260,643,0.0,0.0,-1.0,0.0,1.0,rest
1769417415.3955395,5259,644,0.0,0.0,-1.0,1.0,1.4142135623730951,rest
1769417415.3966627,5258,644,0.0,0.0,-1.0,0.0,1.0,rest
1769417415.397673,5257,644,0.0,0.0,-1.0,0.0,1.0,rest
1769417415.398672,5257,645,0.0,0.0,0.0,1.0,1.0,rest
1769417415.3996718,5256,645,0.0,0.0,-1.0,0.0,1.0,rest
1769417415.4011414,5254,645,0.0,0.0,-2.0,0.0,2.0,left
1769417415.4031482,5253,645,0.0,0.0,-1.0,0.0,1.0,rest
1769417415.4041607,5251,646,0.0,0.0,-2.0,1.0,2.23606797749979,left
1769417415.4051912,5250,646,0.0,0.0,-1.0,0.0,1.0,rest
1769417415.4061892,5250,646,0.0,0.0,0.0,0.0,0.0,rest
1769417415.4071944,5249,646,0.0,0.0,-1.0,0.0,1.0,rest
1769417415.408194,5247,646,0.0,0.0,-2.0,0.0,2.0,left
1769417415.4091752,5246,646,0.0,0.0,-1.0,0.0,1.0,rest
1769417415.4101856,5244,647,0.0,0.0,-2.0,1.0,2.23606797749979,left
1769417415.4111843,5243,647,0.0,0.0,-1.0,0.0,1.0,rest
1769417415.4121852,5242,647,0.0,0.0,-1.0,0.0,1.0,rest
1769417415.4121852,5242,647,0.0,0.0,0.0,0.0,0.0,rest
1769417415.4135072,5241,647,0.0,0.0,-1.0,0.0,1.0,rest
1769417415.4145136,5240,647,0.0,0.0,-1.0,0.0,1.0,rest
1769417415.4155133,5238,647,0.0,0.0,-2.0,0.0,2.0,left
1769417415.4165184,5237,647,0.0,0.0,-1.0,0.0,1.0,rest
1769417415.4175203,5235,647,0.0,0.0,-2.0,0.0,2.0,left
1769417415.4185183,5235,647,0.0,0.0,0.0,0.0,0.0,rest
1769417415.4195178,5234,647,0.0,0.0,-1.0,0.0,1.0,rest
1769417415.4218583,5232,647,0.0,0.0,-2.0,0.0,2.0,left
1769417415.422864,5231,647,0.0,0.0,-1.0,0.0,1.0,rest
1769417415.4238646,5230,647,0.0,0.0,-1.0,0.0,1.0,rest
1769417415.4248643,5229,647,0.0,0.0,-1.0,0.0,1.0,rest
1769417415.4261894,5227,647,0.0,0.0,-2.0,0.0,2.0,left
1769417415.4270682,5227,648,0.0,0.0,0.0,1.0,1.0,rest
1769417415.429189,5226,648,0.0,0.0,-1.0,0.0,1.0,rest
1769417415.429189,5225,648,0.0,0.0,-1.0,0.0,1.0,rest
1769417415.4309356,5224,648,0.0,0.0,-1.0,0.0,1.0,rest
1769417415.4319427,5223,648,0.0,0.0,-1.0,0.0,1.0,rest
1769417415.4329426,5222,648,0.0,0.0,-1.0,0.0,1.0,rest
1769417415.4342053,5222,648,0.0,0.0,0.0,0.0,0.0,rest
1769417415.4352098,5221,648,0.0,0.0,-1.0,0.0,1.0,rest
1769417415.4362102,5220,648,0.0,0.0,-1.0,0.0,1.0,rest
1769417415.4386578,5219,648,0.0,0.0,-1.0,0.0,1.0,rest
1769417415.442664,5218,648,0.0,0.0,-1.0,0.0,1.0,rest
1769417415.4456637,5217,648,0.0,0.0,-1.0,0.0,1.0,rest
1769417415.672191,5216,648,0.0,0.0,-1.0,0.0,1.0,rest
1769417415.6751964,5216,648,0.0,0.0,0.0,0.0,0.0,rest
1769417415.6762,5215,648,0.0,0.0,-1.0,0.0,1.0,rest
1769417415.678198,5214,649,0.0,0.0,-1.0,1.0,1.4142135623730951,rest
1769417415.6802025,5213,649,0.0,0.0,-1.0,0.0,1.0,rest
1769417415.6822026,5212,649,0.0,0.0,-1.0,0.0,1.0,rest
1769417415.683205,5211,649,0.0,0.0,-1.0,0.0,1.0,rest
1769417415.683205,5210,649,0.0,0.0,-1.0,0.0,1.0,rest
1769417415.6846817,5209,649,0.0,0.0,-1.0,0.0,1.0,rest
1769417415.6866949,5208,649,0.0,0.0,-1.0,0.0,1.0,rest
1769417415.6876864,5207,649,0.0,0.0,-1.0,0.0,1.0,rest
1769417415.6888108,5205,649,0.0,0.0,-2.0,0.0,2.0,left
1769417415.6898153,5204,649,0.0,0.0,-1.0,0.0,1.0,rest
1769417415.6908138,5203,649,0.0,0.0,-1.0,0.0,1.0,rest
1769417415.691814,5203,649,0.0,0.0,0.0,0.0,0.0,rest
1769417415.69296,5201,649,0.0,0.0,-2.0,0.0,2.0,left
1769417415.6939642,5200,649,0.0,0.0,-1.0,0.0,1.0,rest
1769417415.6949668,5198,649,0.0,0.0,-2.0,0.0,2.0,left
1769417415.695968,5196,649,0.0,0.0,-2.0,0.0,2.0,left
1769417415.6970696,5195,649,0.0,0.0,-1.0,0.0,1.0,rest
1769417415.6980746,5193,649,0.0,0.0,-2.0,0.0,2.0,left
1769417415.6990778,5193,649,0.0,0.0,0.0,0.0,0.0,rest
1769417415.700077,5191,649,0.0,0.0,-2.0,0.0,2.0,left
1769417415.7011676,5189,649,0.0,0.0,-2.0,0.0,2.0,left
1769417415.702171,5188,649,0.0,0.0,-1.0,0.0,1.0,rest
1769417415.7031713,5186,649,0.0,0.0,-2.0,0.0,2.0,left
1769417415.704174,5184,649,0.0,0.0,-2.0,0.0,2.0,left
1769417415.705172,5182,649,0.0,0.0,-2.0,0.0,2.0,left
1769417415.7061722,5180,649,0.0,0.0,-2.0,0.0,2.0,left
1769417415.707188,5179,649,0.0,0.0,-1.0,0.0,1.0,rest
1769417415.7081804,5177,649,0.0,0.0,-2.0,0.0,2.0,left
1769417415.7091892,5175,649,0.0,0.0,-2.0,0.0,2.0,left
1769417415.7101898,5173,649,0.0,0.0,-2.0,0.0,2.0,left
1769417415.711194,5171,649,0.0,0.0,-2.0,0.0,2.0,left
1769417415.712196,5169,649,0.0,0.0,-2.0,0.0,2.0,left
1769417415.712196,5167,649,0.0,0.0,-2.0,0.0,2.0,left
1769417415.713266,5164,649,0.0,0.0,-3.0,0.0,3.0,left
1769417415.71427,5162,649,0.0,0.0,-2.0,0.0,2.0,left
1769417415.715269,5160,649,0.0,0.0,-2.0,0.0,2.0,left
1769417415.7162716,5158,649,0.0,0.0,-2.0,0.0,2.0,left
1769417415.7173245,5155,649,0.0,0.0,-3.0,0.0,3.0,left
1769417415.719327,5153,649,0.0,0.0,-2.0,0.0,2.0,left
1769417415.719327,5151,649,0.0,0.0,-2.0,0.0,2.0,left
1769417415.7203274,5148,649,0.0,0.0,-3.0,0.0,3.0,left
1769417415.7215638,5147,649,0.0,0.0,-1.0,0.0,1.0,rest
1769417415.7225685,5145,648,0.0,0.0,-2.0,-1.0,2.23606797749979,left
1769417415.7235672,5142,648,0.0,0.0,-3.0,0.0,3.0,left
1769417415.7245674,5140,648,0.0,0.0,-2.0,0.0,2.0,left
1769417415.726072,5139,648,0.0,0.0,-1.0,0.0,1.0,rest
1769417415.72708,5137,648,0.0,0.0,-2.0,0.0,2.0,left
1769417415.7280805,5135,648,0.0,0.0,-2.0,0.0,2.0,left
1769417415.7290804,5132,648,0.0,0.0,-3.0,0.0,3.0,left
1769417415.7301905,5130,648,0.0,0.0,-2.0,0.0,2.0,left
1769417415.7311883,5129,648,0.0,0.0,-1.0,0.0,1.0,rest
1769417415.7321897,5128,648,0.0,0.0,-1.0,0.0,1.0,rest
1769417415.7331986,5126,648,0.0,0.0,-2.0,0.0,2.0,left
1769417415.7331986,5124,648,0.0,0.0,-2.0,0.0,2.0,left
1769417415.7345088,5122,648,0.0,0.0,-2.0,0.0,2.0,left
1769417415.7355118,5120,648,0.0,0.0,-2.0,0.0,2.0,left
1769417415.736513,5118,648,0.0,0.0,-2.0,0.0,2.0,left
1769417415.737512,5116,648,0.0,0.0,-2.0,0.0,2.0,left
1769417415.738513,5114,648,0.0,0.0,-2.0,0.0,2.0,left
1769417415.7395122,5112,648,0.0,0.0,-2.0,0.0,2.0,left
1769417415.7405126,5110,648,0.0,0.0,-2.0,0.0,2.0,left
1769417415.7415123,5108,648,0.0,0.0,-2.0,0.0,2.0,left
1769417415.7428095,5106,648,0.0,0.0,-2.0,0.0,2.0,left
1769417415.7438169,5103,648,0.0,0.0,-3.0,0.0,3.0,left
1769417415.7448142,5101,648,0.0,0.0,-2.0,0.0,2.0,left
1769417415.7461634,5099,648,0.0,0.0,-2.0,0.0,2.0,left
1769417415.7471683,5097,648,0.0,0.0,-2.0,0.0,2.0,left
1769417415.7481718,5094,648,0.0,0.0,-3.0,0.0,3.0,left
1769417415.7491696,5092,648,0.0,0.0,-2.0,0.0,2.0,left
1769417415.750167,5090,648,0.0,0.0,-2.0,0.0,2.0,left
1769417415.751188,5089,648,0.0,0.0,-1.0,0.0,1.0,rest
1769417415.7521896,5087,648,0.0,0.0,-2.0,0.0,2.0,left
1769417415.753189,5083,648,0.0,0.0,-4.0,0.0,4.0,left
1769417415.7541957,5081,648,0.0,0.0,-2.0,0.0,2.0,left
1769417415.7541957,5080,648,0.0,0.0,-1.0,0.0,1.0,rest
1769417415.75532,5078,648,0.0,0.0,-2.0,0.0,2.0,left
1769417415.756323,5074,648,0.0,0.0,-4.0,0.0,4.0,left
1769417415.757323,5074,648,0.0,0.0,0.0,0.0,0.0,rest
1769417415.7583234,5072,648,0.0,0.0,-2.0,0.0,2.0,left
1769417415.7593238,5069,648,0.0,0.0,-3.0,0.0,3.0,left
1769417415.7603238,5067,648,0.0,0.0,-2.0,0.0,2.0,left
1769417415.7613244,5065,648,0.0,0.0,-2.0,0.0,2.0,left
1769417415.7633245,5062,648,0.0,0.0,-3.0,0.0,3.0,left
1769417415.7633245,5060,648,0.0,0.0,-2.0,0.0,2.0,left
1769417415.7645063,5058,648,0.0,0.0,-2.0,0.0,2.0,left
1769417415.7655096,5056,648,0.0,0.0,-2.0,0.0,2.0,left
1769417415.7665095,5054,648,0.0,0.0,-2.0,0.0,2.0,left
1769417415.7675104,5052,648,0.0,0.0,-2.0,0.0,2.0,left
1769417415.768817,5050,648,0.0,0.0,-2.0,0.0,2.0,left
1769417415.7701912,5048,648,0.0,0.0,-2.0,0.0,2.0,left
1769417415.7701912,5046,648,0.0,0.0,-2.0,0.0,2.0,left
1769417415.772191,5044,648,0.0,0.0,-2.0,0.0,2.0,left
1769417415.7731931,5042,648,0.0,0.0,-2.0,0.0,2.0,left
1769417415.7741983,5041,648,0.0,0.0,-1.0,0.0,1.0,rest
1769417415.7741983,5039,648,0.0,0.0,-2.0,0.0,2.0,left
1769417415.7761884,5037,648,0.0,0.0,-2.0,0.0,2.0,left
1769417415.777197,5035,648,0.0,0.0,-2.0,0.0,2.0,left
1769417415.7781904,5034,648,0.0,0.0,-1.0,0.0,1.0,rest
1769417415.7791903,5033,647,0.0,0.0,-1.0,-1.0,1.4142135623730951,rest
1769417415.7801912,5031,647,0.0,0.0,-2.0,0.0,2.0,left
1769417415.7811952,5028,647,0.0,0.0,-3.0,0.0,3.0,left
1769417415.7821937,5027,647,0.0,0.0,-1.0,0.0,1.0,rest
1769417415.7831905,5026,647,0.0,0.0,-1.0,0.0,1.0,rest
1769417415.7831905,5025,647,0.0,0.0,-1.0,0.0,1.0,rest
1769417415.78446,5024,647,0.0,0.0,-1.0,0.0,1.0,rest
1769417415.7854686,5022,647,0.0,0.0,-2.0,0.0,2.0,left
1769417415.7864633,5020,647,0.0,0.0,-2.0,0.0,2.0,left
1769417415.7874644,5019,647,0.0,0.0,-1.0,0.0,1.0,rest
1769417415.789524,5017,647,0.0,0.0,-2.0,0.0,2.0,left
1769417415.790524,5015,647,0.0,0.0,-2.0,0.0,2.0,left
1769417415.7915206,5014,647,0.0,0.0,-1.0,0.0,1.0,rest
1769417415.7931905,5013,647,0.0,0.0,-1.0,0.0,1.0,rest
1769417415.794197,5012,647,0.0,0.0,-1.0,0.0,1.0,rest
1769417415.7951946,5011,647,0.0,0.0,-1.0,0.0,1.0,rest
1769417415.7951946,5010,647,0.0,0.0,-1.0,0.0,1.0,rest
1769417415.79719,5008,647,0.0,0.0,-2.0,0.0,2.0,left
1769417415.7981896,5007,647,0.0,0.0,-1.0,0.0,1.0,rest
1769417415.7991967,5006,647,0.0,0.0,-1.0,0.0,1.0,rest
1769417415.8001995,5004,647,0.0,0.0,-2.0,0.0,2.0,left
1769417415.8012033,5003,647,0.0,0.0,-1.0,0.0,1.0,rest
1769417415.8022003,5002,647,0.0,0.0,-1.0,0.0,1.0,rest
1769417415.8032002,5001,647,0.0,0.0,-1.0,0.0,1.0,rest
1769417415.804202,4999,647,0.0,0.0,-2.0,0.0,2.0,left
1769417415.8051996,4997,647,0.0,0.0,-2.0,0.0,2.0,left
1769417415.806201,4996,647,0.0,0.0,-1.0,0.0,1.0,rest
1769417415.8071997,4996,647,0.0,0.0,0.0,0.0,0.0,rest
1769417415.8082006,4995,647,0.0,0.0,-1.0,0.0,1.0,rest
1769417415.8082006,4994,647,0.0,0.0,-1.0,0.0,1.0,rest
1769417415.8093865,4993,647,0.0,0.0,-1.0,0.0,1.0,rest
1769417415.8103898,4991,647,0.0,0.0,-2.0,0.0,2.0,left
1769417415.8113894,4990,647,0.0,0.0,-1.0,0.0,1.0,rest
1769417415.8123894,4990,647,0.0,0.0,0.0,0.0,0.0,rest
1769417415.8136077,4989,647,0.0,0.0,-1.0,0.0,1.0,rest
1769417415.8146143,4988,647,0.0,0.0,-1.0,0.0,1.0,rest
1769417415.8156118,4986,647,0.0,0.0,-2.0,0.0,2.0,left
1769417415.8166142,4984,647,0.0,0.0,-2.0,0.0,2.0,left
1769417415.8180764,4982,647,0.0,0.0,-2.0,0.0,2.0,left
1769417415.819087,4981,647,0.0,0.0,-1.0,0.0,1.0,rest
1769417415.8200843,4980,647,0.0,0.0,-1.0,0.0,1.0,rest
1769417415.8200843,4979,647,0.0,0.0,-1.0,0.0,1.0,rest
1769417415.821562,4977,647,0.0,0.0,-2.0,0.0,2.0,left
1769417415.8226075,4975,647,0.0,0.0,-2.0,0.0,2.0,left
1769417415.823606,4974,647,0.0,0.0,-1.0,0.0,1.0,rest
1769417415.8246062,4972,647,0.0,0.0,-2.0,0.0,2.0,left
1769417415.8257842,4970,647,0.0,0.0,-2.0,0.0,2.0,left
1769417415.8267884,4968,647,0.0,0.0,-2.0,0.0,2.0,left
1769417415.8277876,4967,647,0.0,0.0,-1.0,0.0,1.0,rest
1769417415.8287885,4966,647,0.0,0.0,-1.0,0.0,1.0,rest
1769417415.8298724,4965,647,0.0,0.0,-1.0,0.0,1.0,rest
1769417415.8298724,4964,647,0.0,0.0,-1.0,0.0,1.0,rest
1769417415.8313756,4962,647,0.0,0.0,-2.0,0.0,2.0,left
1769417415.83238,4961,647,0.0,0.0,-1.0,0.0,1.0,rest
1769417415.833379,4960,647,0.0,0.0,-1.0,0.0,1.0,rest
1769417415.8351882,4959,647,0.0,0.0,-1.0,0.0,1.0,rest
1769417415.8361893,4958,647,0.0,0.0,-1.0,0.0,1.0,rest
1769417415.837196,4956,647,0.0,0.0,-2.0,0.0,2.0,left
1769417415.838194,4955,647,0.0,0.0,-1.0,0.0,1.0,rest
1769417415.8391929,4953,647,0.0,0.0,-2.0,0.0,2.0,left
1769417415.8401935,4952,647,0.0,0.0,-1.0,0.0,1.0,rest
1769417415.8411937,4950,647,0.0,0.0,-2.0,0.0,2.0,left
1769417415.8421953,4948,647,0.0,0.0,-2.0,0.0,2.0,left
1769417415.8431928,4948,647,0.0,0.0,0.0,0.0,0.0,rest
1769417415.8441937,4946,647,0.0,0.0,-2.0,0.0,2.0,left
1769417415.845193,4944,647,0.0,0.0,-2.0,0.0,2.0,left
1769417415.845193,4942,646,0.0,0.0,-2.0,-1.0,2.23606797749979,left
1769417415.8465464,4940,646,0.0,0.0,-2.0,0.0,2.0,left
1769417415.8475504,4938,646,0.0,0.0,-2.0,0.0,2.0,left
1769417415.84855,4936,646,0.0,0.0,-2.0,0.0,2.0,left
1769417415.8495502,4935,645,0.0,0.0,-1.0,-1.0,1.4142135623730951,rest
1769417415.8507438,4934,645,0.0,0.0,-1.0,0.0,1.0,rest
1769417415.8518052,4932,645,0.0,0.0,-2.0,0.0,2.0,left
1769417415.8528056,4931,645,0.0,0.0,-1.0,0.0,1.0,rest
1769417415.854089,4929,645,0.0,0.0,-2.0,0.0,2.0,left
1769417415.855097,4928,645,0.0,0.0,-1.0,0.0,1.0,rest
1769417415.8561091,4926,645,0.0,0.0,-2.0,0.0,2.0,left
1769417415.8571112,4924,644,0.0,0.0,-2.0,-1.0,2.23606797749979,left
1769417415.8581078,4922,644,0.0,0.0,-2.0,0.0,2.0,left
1769417415.8591032,4921,644,0.0,0.0,-1.0,0.0,1.0,rest
1769417415.860106,4919,644,0.0,0.0,-2.0,0.0,2.0,left
1769417415.8611066,4918,643,0.0,0.0,-1.0,-1.0,1.4142135623730951,rest
1769417415.8621054,4917,643,0.0,0.0,-1.0,0.0,1.0,rest
1769417415.863103,4915,643,0.0,0.0,-2.0,0.0,2.0,left
1769417415.8641062,4914,643,0.0,0.0,-1.0,0.0,1.0,rest
1769417415.865106,4912,643,0.0,0.0,-2.0,0.0,2.0,left
1769417415.8661056,4910,642,0.0,0.0,-2.0,-1.0,2.23606797749979,left
1769417415.8671029,4908,642,0.0,0.0,-2.0,0.0,2.0,left
1769417415.868105,4907,642,0.0,0.0,-1.0,0.0,1.0,rest
1769417415.8691058,4905,642,0.0,0.0,-2.0,0.0,2.0,left
1769417415.8691058,4904,642,0.0,0.0,-1.0,0.0,1.0,rest
1769417415.8702536,4902,642,0.0,0.0,-2.0,0.0,2.0,left
1769417415.872188,4901,641,0.0,0.0,-1.0,-1.0,1.4142135623730951,rest
1769417415.8731906,4899,641,0.0,0.0,-2.0,0.0,2.0,left
1769417415.874256,4897,641,0.0,0.0,-2.0,0.0,2.0,left
1769417415.874256,4895,641,0.0,0.0,-2.0,0.0,2.0,left
1769417415.8761902,4893,641,0.0,0.0,-2.0,0.0,2.0,left
1769417415.8771875,4891,641,0.0,0.0,-2.0,0.0,2.0,left
1769417415.878258,4888,641,0.0,0.0,-3.0,0.0,3.0,left
1769417415.878258,4886,641,0.0,0.0,-2.0,0.0,2.0,left
1769417415.8802614,4884,641,0.0,0.0,-2.0,0.0,2.0,left
1769417415.8802614,4881,641,0.0,0.0,-3.0,0.0,3.0,left
1769417415.8822606,4879,640,0.0,0.0,-2.0,-1.0,2.23606797749979,left
1769417415.8822606,4876,640,0.0,0.0,-3.0,0.0,3.0,left
1769417415.8832614,4874,640,0.0,0.0,-2.0,0.0,2.0,left
1769417415.8843508,4872,640,0.0,0.0,-2.0,0.0,2.0,left
1769417415.885354,4869,640,0.0,0.0,-3.0,0.0,3.0,left
1769417415.8863535,4867,639,0.0,0.0,-2.0,-1.0,2.23606797749979,left
1769417415.8873537,4865,639,0.0,0.0,-2.0,0.0,2.0,left
1769417415.8884902,4862,639,0.0,0.0,-3.0,0.0,3.0,left
1769417415.8894958,4860,639,0.0,0.0,-2.0,0.0,2.0,left
1769417415.8904932,4856,639,0.0,0.0,-4.0,0.0,4.0,left
1769417415.8914952,4854,638,0.0,0.0,-2.0,-1.0,2.23606797749979,left
1769417415.8927064,4851,638,0.0,0.0,-3.0,0.0,3.0,left
1769417415.8941894,4849,638,0.0,0.0,-2.0,0.0,2.0,left
1769417415.8951883,4847,638,0.0,0.0,-2.0,0.0,2.0,left
1769417415.8959017,4844,637,0.0,0.0,-3.0,-1.0,3.1622776601683795,left
1769417415.8971517,4842,637,0.0,0.0,-2.0,0.0,2.0,left
1769417415.8981593,4840,637,0.0,0.0,-2.0,0.0,2.0,left
1769417415.8991568,4838,637,0.0,0.0,-2.0,0.0,2.0,left
1769417415.8991568,4836,637,0.0,0.0,-2.0,0.0,2.0,left
1769417415.9006474,4833,637,0.0,0.0,-3.0,0.0,3.0,left
1769417415.901651,4831,636,0.0,0.0,-2.0,-1.0,2.23606797749979,left
1769417415.9026513,4829,636,0.0,0.0,-2.0,0.0,2.0,left
1769417415.9036508,4826,636,0.0,0.0,-3.0,0.0,3.0,left
1769417415.9048324,4824,636,0.0,0.0,-2.0,0.0,2.0,left
1769417415.9058356,4822,636,0.0,0.0,-2.0,0.0,2.0,left
1769417415.9068365,4820,636,0.0,0.0,-2.0,0.0,2.0,left
1769417415.9078355,4817,636,0.0,0.0,-3.0,0.0,3.0,left
1769417415.9091763,4815,636,0.0,0.0,-2.0,0.0,2.0,left
1769417415.910182,4813,636,0.0,0.0,-2.0,0.0,2.0,left
1769417415.911179,4810,635,0.0,0.0,-3.0,-1.0,3.1622776601683795,left
1769417415.912182,4808,635,0.0,0.0,-2.0,0.0,2.0,left
1769417415.913188,4806,635,0.0,0.0,-2.0,0.0,2.0,left
1769417415.9141908,4804,635,0.0,0.0,-2.0,0.0,2.0,left
1769417415.9151902,4801,635,0.0,0.0,-3.0,0.0,3.0,left
1769417415.916193,4799,635,0.0,0.0,-2.0,0.0,2.0,left
1769417415.916193,4797,634,0.0,0.0,-2.0,-1.0,2.23606797749979,left
1769417415.9181898,4795,634,0.0,0.0,-2.0,0.0,2.0,left
1769417415.919068,4793,634,0.0,0.0,-2.0,0.0,2.0,left
1769417415.9201975,4790,634,0.0,0.0,-3.0,0.0,3.0,left
1769417415.9201975,4788,633,0.0,0.0,-2.0,-1.0,2.23606797749979,left
1769417415.9214864,4785,633,0.0,0.0,-3.0,0.0,3.0,left
1769417415.9224906,4783,633,0.0,0.0,-2.0,0.0,2.0,left
1769417415.9234898,4781,633,0.0,0.0,-2.0,0.0,2.0,left
1769417415.9244895,4778,633,0.0,0.0,-3.0,0.0,3.0,left
1769417415.9259536,4776,633,0.0,0.0,-2.0,0.0,2.0,left
1769417415.9269574,4774,633,0.0,0.0,-2.0,0.0,2.0,left
1769417415.9279592,4772,633,0.0,0.0,-2.0,0.0,2.0,left
1769417415.928959,4769,633,0.0,0.0,-3.0,0.0,3.0,left
1769417415.928959,4767,633,0.0,0.0,-2.0,0.0,2.0,left
1769417415.930311,4765,633,0.0,0.0,-2.0,0.0,2.0,left
1769417415.9313135,4762,633,0.0,0.0,-3.0,0.0,3.0,left
1769417415.9323194,4758,633,0.0,0.0,-4.0,0.0,4.0,left
1769417415.9333172,4758,633,0.0,0.0,0.0,0.0,0.0,rest
1769417415.9343176,4755,633,0.0,0.0,-3.0,0.0,3.0,left
1769417415.9353166,4751,633,0.0,0.0,-4.0,0.0,4.0,left
1769417415.936321,4749,632,0.0,0.0,-2.0,-1.0,2.23606797749979,left
1769417415.9381886,4747,632,0.0,0.0,-2.0,0.0,2.0,left
1769417415.9391882,4743,632,0.0,0.0,-4.0,0.0,4.0,left
1769417415.9391882,4741,632,0.0,0.0,-2.0,0.0,2.0,left
1769417415.9403207,4739,632,0.0,0.0,-2.0,0.0,2.0,left
1769417415.9413242,4736,632,0.0,0.0,-3.0,0.0,3.0,left
1769417415.9423254,4734,632,0.0,0.0,-2.0,0.0,2.0,left
1769417415.9433243,4732,632,0.0,0.0,-2.0,0.0,2.0,left
1769417415.944324,4729,632,0.0,0.0,-3.0,0.0,3.0,left
1769417415.9453242,4726,630,0.0,0.0,-3.0,-2.0,3.605551275463989,left
1769417415.946607,4724,630,0.0,0.0,-2.0,0.0,2.0,left
1769417415.947611,4720,630,0.0,0.0,-4.0,0.0,4.0,left
1769417415.9486108,4719,630,0.0,0.0,-1.0,0.0,1.0,rest
1769417415.9496107,4715,630,0.0,0.0,-4.0,0.0,4.0,left
1769417415.9508152,4712,630,0.0,0.0,-3.0,0.0,3.0,left
1769417415.9518194,4709,629,0.0,0.0,-3.0,-1.0,3.1622776601683795,left
1769417415.9528189,4707,629,0.0,0.0,-2.0,0.0,2.0,left
1769417415.9538188,4704,629,0.0,0.0,-3.0,0.0,3.0,left
1769417415.9551885,4701,629,0.0,0.0,-3.0,0.0,3.0,left
1769417415.9561894,4697,629,0.0,0.0,-4.0,0.0,4.0,left
1769417415.9571967,4695,628,0.0,0.0,-2.0,-1.0,2.23606797749979,left
1769417415.9581945,4692,628,0.0,0.0,-3.0,0.0,3.0,left
1769417415.9591882,4689,628,0.0,0.0,-3.0,0.0,3.0,left
1769417415.960194,4687,628,0.0,0.0,-2.0,0.0,2.0,left
1769417415.9611926,4684,627,0.0,0.0,-3.0,-1.0,3.1622776601683795,left
1769417415.9621923,4680,627,0.0,0.0,-4.0,0.0,4.0,left
1769417415.9631922,4679,627,0.0,0.0,-1.0,0.0,1.0,rest
1769417415.964193,4675,627,0.0,0.0,-4.0,0.0,4.0,left
1769417415.9651935,4672,627,0.0,0.0,-3.0,0.0,3.0,left
1769417415.9661925,4670,626,0.0,0.0,-2.0,-1.0,2.23606797749979,left
1769417415.9661925,4668,626,0.0,0.0,-2.0,0.0,2.0,left
1769417415.967565,4665,626,0.0,0.0,-3.0,0.0,3.0,left
1769417415.968572,4663,626,0.0,0.0,-2.0,0.0,2.0,left
1769417415.9695687,4658,625,0.0,0.0,-5.0,-1.0,5.0990195135927845,left
1769417415.970569,4658,625,0.0,0.0,0.0,0.0,0.0,rest
1769417415.9715705,4655,625,0.0,0.0,-3.0,0.0,3.0,left
1769417415.972571,4651,625,0.0,0.0,-4.0,0.0,4.0,left
1769417415.973569,4650,625,0.0,0.0,-1.0,0.0,1.0,rest
1769417415.9745698,4646,625,0.0,0.0,-4.0,0.0,4.0,left
1769417415.976189,4644,625,0.0,0.0,-2.0,0.0,2.0,left
1769417415.9771934,4643,625,0.0,0.0,-1.0,0.0,1.0,rest
1769417415.978193,4639,624,0.0,0.0,-4.0,-1.0,4.123105625617661,left
1769417415.9791925,4636,624,0.0,0.0,-3.0,0.0,3.0,left
1769417415.98019,4635,624,0.0,0.0,-1.0,0.0,1.0,rest
1769417415.9811895,4632,623,0.0,0.0,-3.0,-1.0,3.1622776601683795,left
1769417415.9821966,4630,623,0.0,0.0,-2.0,0.0,2.0,left
1769417415.9832032,4628,623,0.0,0.0,-2.0,0.0,2.0,left
1769417415.9832032,4626,623,0.0,0.0,-2.0,0.0,2.0,left
1769417415.984376,4624,622,0.0,0.0,-2.0,-1.0,2.23606797749979,left
1769417415.985381,4623,622,0.0,0.0,-1.0,0.0,1.0,rest
1769417415.9863808,4621,622,0.0,0.0,-2.0,0.0,2.0,left
1769417415.987381,4619,622,0.0,0.0,-2.0,0.0,2.0,left
1769417415.9883814,4615,622,0.0,0.0,-4.0,0.0,4.0,left
1769417415.989381,4615,622,0.0,0.0,0.0,0.0,0.0,rest
1769417415.9903808,4613,622,0.0,0.0,-2.0,0.0,2.0,left
1769417415.9913812,4611,622,0.0,0.0,-2.0,0.0,2.0,left
1769417415.992771,4609,621,0.0,0.0,-2.0,-1.0,2.23606797749979,left
1769417415.9937751,4607,621,0.0,0.0,-2.0,0.0,2.0,left
1769417415.9947772,4604,621,0.0,0.0,-3.0,0.0,3.0,left
1769417415.9957757,4603,621,0.0,0.0,-1.0,0.0,1.0,rest
1769417415.9971902,4601,621,0.0,0.0,-2.0,0.0,2.0,left
1769417415.9981945,4598,621,0.0,0.0,-3.0,0.0,3.0,left
1769417415.999194,4596,621,0.0,0.0,-2.0,0.0,2.0,left
1769417416.0001955,4595,621,0.0,0.0,-1.0,0.0,1.0,rest
1769417416.0009875,4592,621,0.0,0.0,-3.0,0.0,3.0,left
1769417416.0019994,4590,621,0.0,0.0,-2.0,0.0,2.0,left
1769417416.0029986,4588,620,0.0,0.0,-2.0,-1.0,2.23606797749979,left
1769417416.0039985,4587,620,0.0,0.0,-1.0,0.0,1.0,rest
1769417416.0049963,4586,620,0.0,0.0,-1.0,0.0,1.0,rest
1769417416.005998,4584,620,0.0,0.0,-2.0,0.0,2.0,left
1769417416.006998,4582,620,0.0,0.0,-2.0,0.0,2.0,left
1769417416.007998,4581,620,0.0,0.0,-1.0,0.0,1.0,rest
1769417416.007998,4579,620,0.0,0.0,-2.0,0.0,2.0,left
1769417416.0093875,4577,620,0.0,0.0,-2.0,0.0,2.0,left
1769417416.0103917,4575,620,0.0,0.0,-2.0,0.0,2.0,left
1769417416.0113924,4573,620,0.0,0.0,-2.0,0.0,2.0,left
1769417416.012392,4572,620,0.0,0.0,-1.0,0.0,1.0,rest
1769417416.0133913,4571,620,0.0,0.0,-1.0,0.0,1.0,rest
1769417416.0144174,4569,620,0.0,0.0,-2.0,0.0,2.0,left
1769417416.015403,4567,620,0.0,0.0,-2.0,0.0,2.0,left
1769417416.0163915,4565,620,0.0,0.0,-2.0,0.0,2.0,left
1769417416.0173962,4564,620,0.0,0.0,-1.0,0.0,1.0,rest
1769417416.0188656,4562,620,0.0,0.0,-2.0,0.0,2.0,left
1769417416.0188656,4560,620,0.0,0.0,-2.0,0.0,2.0,left
1769417416.0203578,4558,620,0.0,0.0,-2.0,0.0,2.0,left
1769417416.02219,4556,620,0.0,0.0,-2.0,0.0,2.0,left
1769417416.0231936,4555,620,0.0,0.0,-1.0,0.0,1.0,rest
1769417416.0241947,4553,620,0.0,0.0,-2.0,0.0,2.0,left
1769417416.0241947,4551,620,0.0,0.0,-2.0,0.0,2.0,left
1769417416.025643,4549,620,0.0,0.0,-2.0,0.0,2.0,left
1769417416.0271895,4547,620,0.0,0.0,-2.0,0.0,2.0,left
1769417416.0282016,4545,620,0.0,0.0,-2.0,0.0,2.0,left
1769417416.029209,4543,620,0.0,0.0,-2.0,0.0,2.0,left
1769417416.0302577,4540,620,0.0,0.0,-3.0,0.0,3.0,left
1769417416.0302577,4538,620,0.0,0.0,-2.0,0.0,2.0,left
1769417416.032267,4536,620,0.0,0.0,-2.0,0.0,2.0,left
1769417416.0332625,4534,620,0.0,0.0,-2.0,0.0,2.0,left
1769417416.0342631,4531,620,0.0,0.0,-3.0,0.0,3.0,left
1769417416.0342631,4529,619,0.0,0.0,-2.0,-1.0,2.23606797749979,left
1769417416.035262,4526,619,0.0,0.0,-3.0,0.0,3.0,left
1769417416.0362625,4522,619,0.0,0.0,-4.0,0.0,4.0,left
1769417416.0372632,4520,619,0.0,0.0,-2.0,0.0,2.0,left
1769417416.0382652,4519,619,0.0,0.0,-1.0,0.0,1.0,rest
1769417416.0402625,4515,619,0.0,0.0,-4.0,0.0,4.0,left
1769417416.0402625,4512,619,0.0,0.0,-3.0,0.0,3.0,left
1769417416.0412624,4510,619,0.0,0.0,-2.0,0.0,2.0,left
1769417416.0422645,4507,618,0.0,0.0,-3.0,-1.0,3.1622776601683795,left
1769417416.0432625,4505,618,0.0,0.0,-2.0,0.0,2.0,left
1769417416.0451894,4502,618,0.0,0.0,-3.0,0.0,3.0,left
1769417416.0451894,4500,618,0.0,0.0,-2.0,0.0,2.0,left
1769417416.047188,4497,618,0.0,0.0,-3.0,0.0,3.0,left
1769417416.048194,4495,618,0.0,0.0,-2.0,0.0,2.0,left
1769417416.0492,4492,618,0.0,0.0,-3.0,0.0,3.0,left
1769417416.0492,4488,617,0.0,0.0,-4.0,-1.0,4.123105625617661,left
1769417416.050663,4486,617,0.0,0.0,-2.0,0.0,2.0,left
1769417416.0516667,4484,617,0.0,0.0,-2.0,0.0,2.0,left
1769417416.052666,4482,617,0.0,0.0,-2.0,0.0,2.0,left
1769417416.0536664,4478,617,0.0,0.0,-4.0,0.0,4.0,left
1769417416.0551107,4476,617,0.0,0.0,-2.0,0.0,2.0,left
1769417416.0561163,4473,617,0.0,0.0,-3.0,0.0,3.0,left
1769417416.0571158,4468,616,0.0,0.0,-5.0,-1.0,5.0990195135927845,left
1769417416.0581162,4466,616,0.0,0.0,-2.0,0.0,2.0,left
1769417416.0581162,4462,616,0.0,0.0,-4.0,0.0,4.0,left
1769417416.0593224,4460,616,0.0,0.0,-2.0,0.0,2.0,left
1769417416.0603278,4455,616,0.0,0.0,-5.0,0.0,5.0,left
1769417416.0613253,4451,614,0.0,0.0,-4.0,-2.0,4.47213595499958,left
1769417416.0623252,4448,614,0.0,0.0,-3.0,0.0,3.0,left
1769417416.0641904,4444,614,0.0,0.0,-4.0,0.0,4.0,left
1769417416.0641904,4440,614,0.0,0.0,-4.0,0.0,4.0,left
1769417416.065328,4437,613,0.0,0.0,-3.0,-1.0,3.1622776601683795,left
1769417416.0663314,4432,613,0.0,0.0,-5.0,0.0,5.0,left
1769417416.0681896,4429,613,0.0,0.0,-3.0,0.0,3.0,left
1769417416.0691953,4424,611,0.0,0.0,-5.0,-2.0,5.385164807134504,left
1769417416.070194,4422,611,0.0,0.0,-2.0,0.0,2.0,left
1769417416.0711946,4418,611,0.0,0.0,-4.0,0.0,4.0,left
1769417416.0721967,4415,611,0.0,0.0,-3.0,0.0,3.0,left
1769417416.0731957,4410,611,0.0,0.0,-5.0,0.0,5.0,left
1769417416.074216,4408,610,0.0,0.0,-2.0,-1.0,2.23606797749979,left
1769417416.074216,4404,610,0.0,0.0,-4.0,0.0,4.0,left
1769417416.0761907,4400,610,0.0,0.0,-4.0,0.0,4.0,left
1769417416.0772223,4397,609,0.0,0.0,-3.0,-1.0,3.1622776601683795,left
1769417416.0782294,4394,609,0.0,0.0,-3.0,0.0,3.0,left
1769417416.0792267,4391,609,0.0,0.0,-3.0,0.0,3.0,left
1769417416.080234,4386,609,0.0,0.0,-5.0,0.0,5.0,left
1769417416.08123,4383,608,0.0,0.0,-3.0,-1.0,3.1622776601683795,left
1769417416.082229,4380,608,0.0,0.0,-3.0,0.0,3.0,left
1769417416.082229,4376,607,0.0,0.0,-4.0,-1.0,4.123105625617661,left
1769417416.0842278,4373,605,0.0,0.0,-3.0,-2.0,3.605551275463989,left
1769417416.0852294,4370,605,0.0,0.0,-3.0,0.0,3.0,left
1769417416.086231,4367,605,0.0,0.0,-3.0,0.0,3.0,left
1769417416.086231,4363,604,0.0,0.0,-4.0,-1.0,4.123105625617661,left
1769417416.088228,4357,604,0.0,0.0,-6.0,0.0,6.0,left
1769417416.089229,4355,604,0.0,0.0,-2.0,0.0,2.0,left
1769417416.09023,4349,603,0.0,0.0,-6.0,-1.0,6.082762530298219,left
1769417416.0912287,4347,603,0.0,0.0,-2.0,0.0,2.0,left
1769417416.0922294,4343,603,0.0,0.0,-4.0,0.0,4.0,left
1769417416.093228,4340,603,0.0,0.0,-3.0,0.0,3.0,left
1769417416.0942278,4337,603,0.0,0.0,-3.0,0.0,3.0,left
1769417416.095228,4332,603,0.0,0.0,-5.0,0.0,5.0,left
1769417416.095228,4329,602,0.0,0.0,-3.0,-1.0,3.1622776601683795,left
1769417416.0965734,4324,602,0.0,0.0,-5.0,0.0,5.0,left
1769417416.0975823,4321,602,0.0,0.0,-3.0,0.0,3.0,left
1769417416.0985816,4317,602,0.0,0.0,-4.0,0.0,4.0,left
1769417416.0998392,4313,601,0.0,0.0,-4.0,-1.0,4.123105625617661,left
1769417416.101224,4310,600,0.0,0.0,-3.0,-1.0,3.1622776601683795,left
1769417416.101224,4305,600,0.0,0.0,-5.0,0.0,5.0,left
1769417416.102422,4302,600,0.0,0.0,-3.0,0.0,3.0,left
1769417416.103809,4298,599,0.0,0.0,-4.0,-1.0,4.123105625617661,left
1769417416.104816,4294,599,0.0,0.0,-4.0,0.0,4.0,left
1769417416.104816,4290,598,0.0,0.0,-4.0,-1.0,4.123105625617661,left
1769417416.106307,4288,597,0.0,0.0,-2.0,-1.0,2.23606797749979,left
1769417416.1073103,4283,597,0.0,0.0,-5.0,0.0,5.0,left
1769417416.1083105,4279,595,0.0,0.0,-4.0,-2.0,4.47213595499958,left
1769417416.1093109,4276,595,0.0,0.0,-3.0,0.0,3.0,left
1769417416.1103115,4271,595,0.0,0.0,-5.0,0.0,5.0,left
1769417416.111791,4269,595,0.0,0.0,-2.0,0.0,2.0,left
1769417416.112882,4265,595,0.0,0.0,-4.0,0.0,4.0,left
1769417416.1138878,4261,594,0.0,0.0,-4.0,-1.0,4.123105625617661,left
1769417416.1148877,4257,594,0.0,0.0,-4.0,0.0,4.0,left
1769417416.1158876,4254,594,0.0,0.0,-3.0,0.0,3.0,left
1769417416.1178966,4250,594,0.0,0.0,-4.0,0.0,4.0,left
1769417416.1188908,4244,594,0.0,0.0,-6.0,0.0,6.0,left
1769417416.119892,4241,593,0.0,0.0,-3.0,-1.0,3.1622776601683795,left
1769417416.120891,4238,593,0.0,0.0,-3.0,0.0,3.0,left
1769417416.1218915,4233,592,0.0,0.0,-5.0,-1.0,5.0990195135927845,left
1769417416.1238918,4231,592,0.0,0.0,-2.0,0.0,2.0,left
1769417416.1238918,4229,592,0.0,0.0,-2.0,0.0,2.0,left
1769417416.1248913,4225,591,0.0,0.0,-4.0,-1.0,4.123105625617661,left
1769417416.1258917,4223,591,0.0,0.0,-2.0,0.0,2.0,left
1769417416.126892,4221,590,0.0,0.0,-2.0,-1.0,2.23606797749979,left
1769417416.1279016,4217,590,0.0,0.0,-4.0,0.0,4.0,left
1769417416.1288953,4215,590,0.0,0.0,-2.0,0.0,2.0,left
1769417416.1298914,4212,590,0.0,0.0,-3.0,0.0,3.0,left
1769417416.1298914,4210,589,0.0,0.0,-2.0,-1.0,2.23606797749979,left
1769417416.131396,4208,589,0.0,0.0,-2.0,0.0,2.0,left
1769417416.1333995,4206,589,0.0,0.0,-2.0,0.0,2.0,left
1769417416.1333995,4204,589,0.0,0.0,-2.0,0.0,2.0,left
1769417416.1344042,4202,588,0.0,0.0,-2.0,-1.0,2.23606797749979,left
1769417416.135399,4199,587,0.0,0.0,-3.0,-1.0,3.1622776601683795,left
1769417416.137399,4197,587,0.0,0.0,-2.0,0.0,2.0,left
1769417416.137399,4196,587,0.0,0.0,-1.0,0.0,1.0,rest
1769417416.1384006,4193,587,0.0,0.0,-3.0,0.0,3.0,left
1769417416.1393995,4193,587,0.0,0.0,0.0,0.0,0.0,rest
1769417416.1403997,4191,587,0.0,0.0,-2.0,0.0,2.0,left
1769417416.1414015,4189,587,0.0,0.0,-2.0,0.0,2.0,left
1769417416.1424031,4187,586,0.0,0.0,-2.0,-1.0,2.23606797749979,left
1769417416.1434011,4186,586,0.0,0.0,-1.0,0.0,1.0,rest
1769417416.1443992,4184,586,0.0,0.0,-2.0,0.0,2.0,left
1769417416.145399,4183,586,0.0,0.0,-1.0,0.0,1.0,rest
1769417416.1463995,4181,585,0.0,0.0,-2.0,-1.0,2.23606797749979,left
1769417416.1474345,4181,585,0.0,0.0,0.0,0.0,0.0,rest
1769417416.149399,4179,585,0.0,0.0,-2.0,0.0,2.0,left
1769417416.149399,4178,585,0.0,0.0,-1.0,0.0,1.0,rest
1769417416.1503994,4177,585,0.0,0.0,-1.0,0.0,1.0,rest
1769417416.152399,4175,585,0.0,0.0,-2.0,0.0,2.0,left
1769417416.1534016,4174,584,0.0,0.0,-1.0,-1.0,1.4142135623730951,rest
1769417416.1544,4173,584,0.0,0.0,-1.0,0.0,1.0,rest
1769417416.1544,4172,584,0.0,0.0,-1.0,0.0,1.0,rest
1769417416.1554,4171,584,0.0,0.0,-1.0,0.0,1.0,rest
1769417416.1574,4170,584,0.0,0.0,-1.0,0.0,1.0,rest
1769417416.1574,4169,583,0.0,0.0,-1.0,-1.0,1.4142135623730951,rest
1769417416.159401,4168,583,0.0,0.0,-1.0,0.0,1.0,rest
1769417416.159401,4167,583,0.0,0.0,-1.0,0.0,1.0,rest
1769417416.1604347,4167,583,0.0,0.0,0.0,0.0,0.0,rest
1769417416.1624,4166,583,0.0,0.0,-1.0,0.0,1.0,rest
1769417416.1643996,4164,583,0.0,0.0,-2.0,0.0,2.0,left
1769417416.1643996,4163,582,0.0,0.0,-1.0,-1.0,1.4142135623730951,rest
1769417416.1664,4162,582,0.0,0.0,-1.0,0.0,1.0,rest
1769417416.1664,4161,582,0.0,0.0,-1.0,0.0,1.0,rest
1769417416.168403,4161,582,0.0,0.0,0.0,0.0,0.0,rest
1769417416.1693995,4160,582,0.0,0.0,-1.0,0.0,1.0,rest
1769417416.1714015,4159,582,0.0,0.0,-1.0,0.0,1.0,rest
1769417416.1744022,4158,582,0.0,0.0,-1.0,0.0,1.0,rest
1769417416.1774008,4157,582,0.0,0.0,-1.0,0.0,1.0,rest
1769417416.1795895,4156,582,0.0,0.0,-1.0,0.0,1.0,rest
1769417416.1845963,4155,582,0.0,0.0,-1.0,0.0,1.0,rest
1769417417.233569,4155,582,1.0,0.0,0.0,0.0,0.0,rest
1769417417.3722413,4155,581,1.0,0.0,0.0,-1.0,1.0,rest
1769417418.0363455,4155,581,1.0,0.0,0.0,0.0,0.0,rest
1769417418.0447917,4156,581,1.0,0.0,1.0,0.0,1.0,rest
1769417418.04779,4157,581,1.0,0.0,1.0,0.0,1.0,rest
1769417418.048788,4158,581,1.0,0.0,1.0,0.0,1.0,rest
1769417418.0507882,4159,580,1.0,0.0,1.0,-1.0,1.4142135623730951,rest
1769417418.052789,4160,580,1.0,0.0,1.0,0.0,1.0,rest
1769417418.054789,4160,580,1.0,0.0,0.0,0.0,0.0,rest
1769417418.0557885,4161,580,1.0,0.0,1.0,0.0,1.0,rest
1769417418.056789,4162,580,1.0,0.0,1.0,0.0,1.0,rest
1769417418.0577888,4162,580,1.0,0.0,0.0,0.0,0.0,rest
1769417418.0587904,4163,580,1.0,0.0,1.0,0.0,1.0,rest
1769417418.0607927,4164,580,1.0,0.0,1.0,0.0,1.0,rest
1769417418.0617893,4165,580,1.0,0.0,1.0,0.0,1.0,rest
1769417418.0637906,4166,580,1.0,0.0,1.0,0.0,1.0,rest
1769417418.0647955,4166,580,1.0,0.0,0.0,0.0,0.0,rest
1769417418.0667882,4167,580,1.0,0.0,1.0,0.0,1.0,rest
1769417418.0678132,4167,579,1.0,0.0,0.0,-1.0,1.0,rest
1769417418.0687895,4168,579,1.0,0.0,1.0,0.0,1.0,rest
1769417418.0707908,4169,579,1.0,0.0,1.0,0.0,1.0,rest
1769417418.0717883,4170,579,1.0,0.0,1.0,0.0,1.0,rest
1769417418.0737894,4171,579,1.0,0.0,1.0,0.0,1.0,rest
1769417418.074789,4172,579,1.0,0.0,1.0,0.0,1.0,rest
1769417418.0767896,4172,579,1.0,0.0,0.0,0.0,0.0,rest
1769417418.077788,4173,579,1.0,0.0,1.0,0.0,1.0,rest
1769417418.0787878,4174,579,1.0,0.0,1.0,0.0,1.0,rest
1769417418.0797884,4175,579,1.0,0.0,1.0,0.0,1.0,rest
1769417418.0807889,4176,579,1.0,0.0,1.0,0.0,1.0,rest
1769417418.0827923,4177,579,1.0,0.0,1.0,0.0,1.0,rest
1769417418.0837884,4177,579,1.0,0.0,0.0,0.0,0.0,rest
1769417418.0847924,4178,579,1.0,0.0,1.0,0.0,1.0,rest
1769417418.0857928,4179,579,1.0,0.0,1.0,0.0,1.0,rest
1769417418.0867877,4180,579,1.0,0.0,1.0,0.0,1.0,rest
1769417418.0877893,4181,578,1.0,0.0,1.0,-1.0,1.4142135623730951,rest
1769417418.0887885,4182,578,1.0,0.0,1.0,0.0,1.0,rest
1769417418.089788,4183,578,1.0,0.0,1.0,0.0,1.0,rest
1769417418.090788,4183,578,1.0,0.0,0.0,0.0,0.0,rest
1769417418.0927882,4184,578,1.0,0.0,1.0,0.0,1.0,rest
1769417418.0947888,4185,578,1.0,0.0,1.0,0.0,1.0,rest
1769417418.0957904,4186,578,1.0,0.0,1.0,0.0,1.0,rest
1769417418.097791,4187,578,1.0,0.0,1.0,0.0,1.0,rest
1769417418.0987875,4188,578,1.0,0.0,1.0,0.0,1.0,rest
1769417418.099789,4189,578,1.0,0.0,1.0,0.0,1.0,rest
1769417418.10079,4189,578,1.0,0.0,0.0,0.0,0.0,rest
1769417418.1028335,4190,578,1.0,0.0,1.0,0.0,1.0,rest
1769417418.103789,4191,578,1.0,0.0,1.0,0.0,1.0,rest
1769417418.1057897,4192,578,1.0,0.0,1.0,0.0,1.0,rest
1769417418.106789,4193,578,1.0,0.0,1.0,0.0,1.0,rest
1769417418.1087897,4194,578,1.0,0.0,1.0,0.0,1.0,rest
1769417418.109789,4195,578,1.0,0.0,1.0,0.0,1.0,rest
1769417418.1107955,4195,578,1.0,0.0,0.0,0.0,0.0,rest
1769417418.111799,4196,578,1.0,0.0,1.0,0.0,1.0,rest
1769417418.1137896,4197,578,1.0,0.0,1.0,0.0,1.0,rest
1769417418.115791,4199,578,1.0,0.0,2.0,0.0,2.0,right
1769417418.1177883,4200,578,1.0,0.0,1.0,0.0,1.0,rest
1769417418.118789,4201,578,1.0,0.0,1.0,0.0,1.0,rest
1769417418.1197908,4201,578,1.0,0.0,0.0,0.0,0.0,rest
1769417418.1207943,4202,578,1.0,0.0,1.0,0.0,1.0,rest
1769417418.1217918,4203,578,1.0,0.0,1.0,0.0,1.0,rest
1769417418.1237922,4204,578,1.0,0.0,1.0,0.0,1.0,rest
1769417418.125057,4205,578,1.0,0.0,1.0,0.0,1.0,rest
1769417418.1257915,4206,578,1.0,0.0,1.0,0.0,1.0,rest
1769417418.126793,4207,578,1.0,0.0,1.0,0.0,1.0,rest
1769417418.1277924,4207,578,1.0,0.0,0.0,0.0,0.0,rest
1769417418.1297972,4208,578,1.0,0.0,1.0,0.0,1.0,rest
1769417418.130794,4209,578,1.0,0.0,1.0,0.0,1.0,rest
1769417418.1317923,4210,578,1.0,0.0,1.0,0.0,1.0,rest
1769417418.1327922,4211,578,1.0,0.0,1.0,0.0,1.0,rest
1769417418.1337922,4212,578,1.0,0.0,1.0,0.0,1.0,rest
1769417418.135002,4213,578,1.0,0.0,1.0,0.0,1.0,rest
1769417418.1360009,4213,578,1.0,0.0,0.0,0.0,0.0,rest
1769417418.1370027,4214,578,1.0,0.0,1.0,0.0,1.0,rest
1769417418.138003,4215,578,1.0,0.0,1.0,0.0,1.0,rest
1769417418.1390016,4216,578,1.0,0.0,1.0,0.0,1.0,rest
1769417418.1410017,4217,578,1.0,0.0,1.0,0.0,1.0,rest
1769417418.1410017,4218,578,1.0,0.0,1.0,0.0,1.0,rest
1769417418.142002,4220,577,1.0,0.0,2.0,-1.0,2.23606797749979,right
1769417418.143002,4220,577,1.0,0.0,0.0,0.0,0.0,rest
1769417418.1440022,4221,577,1.0,0.0,1.0,0.0,1.0,rest
1769417418.1450007,4222,577,1.0,0.0,1.0,0.0,1.0,rest
1769417418.146001,4223,577,1.0,0.0,1.0,0.0,1.0,rest
1769417418.1470025,4224,577,1.0,0.0,1.0,0.0,1.0,rest
1769417418.1480038,4226,576,1.0,0.0,2.0,-1.0,2.23606797749979,right
1769417418.1490102,4227,576,1.0,0.0,1.0,0.0,1.0,rest
1769417418.1500027,4227,576,1.0,0.0,0.0,0.0,0.0,rest
1769417418.1510024,4228,576,1.0,0.0,1.0,0.0,1.0,rest
1769417418.152002,4229,576,1.0,0.0,1.0,0.0,1.0,rest
1769417418.1530886,4230,576,1.0,0.0,1.0,0.0,1.0,rest
1769417418.1540031,4231,576,1.0,0.0,1.0,0.0,1.0,rest
1769417418.1550024,4232,576,1.0,0.0,1.0,0.0,1.0,rest
1769417418.156013,4233,576,1.0,0.0,1.0,0.0,1.0,rest
1769417418.1570022,4233,576,1.0,0.0,0.0,0.0,0.0,rest
1769417418.1580017,4234,576,1.0,0.0,1.0,0.0,1.0,rest
1769417418.159018,4236,576,1.0,0.0,2.0,0.0,2.0,right
1769417418.1600022,4237,576,1.0,0.0,1.0,0.0,1.0,rest
1769417418.1610034,4238,576,1.0,0.0,1.0,0.0,1.0,rest
1769417418.162002,4239,576,1.0,0.0,1.0,0.0,1.0,rest
1769417418.1630025,4239,576,1.0,0.0,0.0,0.0,0.0,rest
1769417418.164006,4240,576,1.0,0.0,1.0,0.0,1.0,rest
1769417418.165003,4242,576,1.0,0.0,2.0,0.0,2.0,right
1769417418.1660008,4243,576,1.0,0.0,1.0,0.0,1.0,rest
1769417418.1670036,4244,576,1.0,0.0,1.0,0.0,1.0,rest
1769417418.168011,4245,576,1.0,0.0,1.0,0.0,1.0,rest
1769417418.1690574,4246,576,1.0,0.0,1.0,0.0,1.0,rest
1769417418.1700013,4247,576,1.0,0.0,1.0,0.0,1.0,rest
1769417418.171002,4248,576,1.0,0.0,1.0,0.0,1.0,rest
1769417418.1720078,4250,576,1.0,0.0,2.0,0.0,2.0,right
1769417418.1730046,4251,576,1.0,0.0,1.0,0.0,1.0,rest
1769417418.1740053,4252,576,1.0,0.0,1.0,0.0,1.0,rest
1769417418.1750042,4253,576,1.0,0.0,1.0,0.0,1.0,rest
1769417418.1760075,4253,576,1.0,0.0,0.0,0.0,0.0,rest
1769417418.1770062,4254,576,1.0,0.0,1.0,0.0,1.0,rest
1769417418.178113,4255,576,1.0,0.0,1.0,0.0,1.0,rest
1769417418.1790023,4257,576,1.0,0.0,2.0,0.0,2.0,right
1769417418.1800032,4258,576,1.0,0.0,1.0,0.0,1.0,rest
1769417418.1810029,4259,576,1.0,0.0,1.0,0.0,1.0,rest
1769417418.1820023,4260,576,1.0,0.0,1.0,0.0,1.0,rest
1769417418.184013,4260,576,1.0,0.0,0.0,0.0,0.0,rest
1769417418.1850023,4261,576,1.0,0.0,1.0,0.0,1.0,rest
1769417418.1860054,4262,576,1.0,0.0,1.0,0.0,1.0,rest
1769417418.1870008,4264,576,1.0,0.0,2.0,0.0,2.0,right
1769417418.188002,4265,576,1.0,0.0,1.0,0.0,1.0,rest
1769417418.1890082,4266,576,1.0,0.0,1.0,0.0,1.0,rest
1769417418.1900368,4266,576,1.0,0.0,0.0,0.0,0.0,rest
1769417418.1910048,4267,576,1.0,0.0,1.0,0.0,1.0,rest
1769417418.192001,4268,576,1.0,0.0,1.0,0.0,1.0,rest
1769417418.1930013,4269,576,1.0,0.0,1.0,0.0,1.0,rest
1769417418.1940014,4271,576,1.0,0.0,2.0,0.0,2.0,right
1769417418.1950016,4272,576,1.0,0.0,1.0,0.0,1.0,rest
1769417418.1960027,4273,576,1.0,0.0,1.0,0.0,1.0,rest
1769417418.1970036,4273,576,1.0,0.0,0.0,0.0,0.0,rest
1769417418.1980026,4274,576,1.0,0.0,1.0,0.0,1.0,rest
1769417418.199001,4275,576,1.0,0.0,1.0,0.0,1.0,rest
1769417418.2000022,4277,576,1.0,0.0,2.0,0.0,2.0,right
1769417418.201003,4279,576,1.0,0.0,2.0,0.0,2.0,right
1769417418.2020018,4280,576,1.0,0.0,1.0,0.0,1.0,rest
1769417418.203041,4281,576,1.0,0.0,1.0,0.0,1.0,rest
1769417418.2040029,4281,576,1.0,0.0,0.0,0.0,0.0,rest
1769417418.2050085,4283,576,1.0,0.0,2.0,0.0,2.0,right
1769417418.2060027,4285,576,1.0,0.0,2.0,0.0,2.0,right
1769417418.207001,4286,576,1.0,0.0,1.0,0.0,1.0,rest
1769417418.2080023,4287,576,1.0,0.0,1.0,0.0,1.0,rest
1769417418.2090025,4288,576,1.0,0.0,1.0,0.0,1.0,rest
1769417418.211002,4289,576,1.0,0.0,1.0,0.0,1.0,rest
1769417418.2120144,4290,576,1.0,0.0,1.0,0.0,1.0,rest
1769417418.213011,4292,576,1.0,0.0,2.0,0.0,2.0,right
1769417418.2140465,4293,576,1.0,0.0,1.0,0.0,1.0,rest
1769417418.215002,4295,576,1.0,0.0,2.0,0.0,2.0,right
1769417418.2160013,4295,575,1.0,0.0,0.0,-1.0,1.0,rest
1769417418.2170014,4296,575,1.0,0.0,1.0,0.0,1.0,rest
1769417418.218015,4299,575,1.0,0.0,3.0,0.0,3.0,right
1769417418.2190192,4300,574,1.0,0.0,1.0,-1.0,1.4142135623730951,rest
1769417418.220019,4301,574,1.0,0.0,1.0,0.0,1.0,rest
1769417418.2210195,4302,574,1.0,0.0,1.0,0.0,1.0,rest
1769417418.222019,4304,574,1.0,0.0,2.0,0.0,2.0,right
1769417418.223021,4306,574,1.0,0.0,2.0,0.0,2.0,right
1769417418.2240202,4308,574,1.0,0.0,2.0,0.0,2.0,right
1769417418.225018,4310,574,1.0,0.0,2.0,0.0,2.0,right
1769417418.226072,4311,574,1.0,0.0,1.0,0.0,1.0,rest
1769417418.2270207,4312,574,1.0,0.0,1.0,0.0,1.0,rest
1769417418.228039,4314,574,1.0,0.0,2.0,0.0,2.0,right
1769417418.2290192,4316,574,1.0,0.0,2.0,0.0,2.0,right
1769417418.2300186,4317,574,1.0,0.0,1.0,0.0,1.0,rest
1769417418.2310183,4320,574,1.0,0.0,3.0,0.0,3.0,right
1769417418.232019,4322,574,1.0,0.0,2.0,0.0,2.0,right
1769417418.2330203,4324,574,1.0,0.0,2.0,0.0,2.0,right
1769417418.2340195,4325,574,1.0,0.0,1.0,0.0,1.0,rest
1769417418.235209,4327,574,1.0,0.0,2.0,0.0,2.0,right
1769417418.2362084,4328,574,1.0,0.0,1.0,0.0,1.0,rest
1769417418.2372074,4330,574,1.0,0.0,2.0,0.0,2.0,right
1769417418.238208,4331,574,1.0,0.0,1.0,0.0,1.0,rest
1769417418.2392082,4332,574,1.0,0.0,1.0,0.0,1.0,rest
1769417418.2402072,4334,574,1.0,0.0,2.0,0.0,2.0,right
1769417418.2412076,4336,574,1.0,0.0,2.0,0.0,2.0,right
1769417418.242208,4338,574,1.0,0.0,2.0,0.0,2.0,right
1769417418.2432506,4339,574,1.0,0.0,1.0,0.0,1.0,rest
1769417418.2452328,4340,574,1.0,0.0,1.0,0.0,1.0,rest
1769417418.246207,4342,574,1.0,0.0,2.0,0.0,2.0,right
1769417418.2472126,4344,574,1.0,0.0,2.0,0.0,2.0,right
1769417418.2482097,4345,574,1.0,0.0,1.0,0.0,1.0,rest
1769417418.2492087,4346,574,1.0,0.0,1.0,0.0,1.0,rest
1769417418.250208,4347,574,1.0,0.0,1.0,0.0,1.0,rest
1769417418.2512095,4349,574,1.0,0.0,2.0,0.0,2.0,right
1769417418.25221,4351,574,1.0,0.0,2.0,0.0,2.0,right
1769417418.2532082,4351,574,1.0,0.0,0.0,0.0,0.0,rest
1769417418.2542098,4352,574,1.0,0.0,1.0,0.0,1.0,rest
1769417418.256207,4353,574,1.0,0.0,1.0,0.0,1.0,rest
1769417418.2572083,4355,574,1.0,0.0,2.0,0.0,2.0,right
1769417418.258212,4357,574,1.0,0.0,2.0,0.0,2.0,right
1769417418.259211,4358,574,1.0,0.0,1.0,0.0,1.0,rest
1769417418.260208,4360,574,1.0,0.0,2.0,0.0,2.0,right
1769417418.261215,4360,574,1.0,0.0,0.0,0.0,0.0,rest
1769417418.2622075,4361,574,1.0,0.0,1.0,0.0,1.0,rest
1769417418.2632077,4363,574,1.0,0.0,2.0,0.0,2.0,right
1769417418.2642088,4364,574,1.0,0.0,1.0,0.0,1.0,rest
1769417418.2652082,4365,574,1.0,0.0,1.0,0.0,1.0,rest
1769417418.2662098,4367,574,1.0,0.0,2.0,0.0,2.0,right
1769417418.267211,4367,575,1.0,0.0,0.0,1.0,1.0,rest
1769417418.2682087,4369,575,1.0,0.0,2.0,0.0,2.0,right
1769417418.27021,4371,575,1.0,0.0,2.0,0.0,2.0,right
1769417418.271211,4372,575,1.0,0.0,1.0,0.0,1.0,rest
1769417418.27221,4373,575,1.0,0.0,1.0,0.0,1.0,rest
1769417418.273209,4375,575,1.0,0.0,2.0,0.0,2.0,right
1769417418.2742102,4376,575,1.0,0.0,1.0,0.0,1.0,rest
1769417418.2752151,4376,575,1.0,0.0,0.0,0.0,0.0,rest
1769417418.27621,4377,575,1.0,0.0,1.0,0.0,1.0,rest
1769417418.2772098,4378,575,1.0,0.0,1.0,0.0,1.0,rest
1769417418.2782702,4380,575,1.0,0.0,2.0,0.0,2.0,right
1769417418.2792091,4381,575,1.0,0.0,1.0,0.0,1.0,rest
1769417418.2802083,4382,575,1.0,0.0,1.0,0.0,1.0,rest
1769417418.281211,4382,575,1.0,0.0,0.0,0.0,0.0,rest
1769417418.2822134,4383,575,1.0,0.0,1.0,0.0,1.0,rest
1769417418.283208,4385,575,1.0,0.0,2.0,0.0,2.0,right
1769417418.2842095,4386,575,1.0,0.0,1.0,0.0,1.0,rest
1769417418.285211,4387,575,1.0,0.0,1.0,0.0,1.0,rest
1769417418.2862086,4389,575,1.0,0.0,2.0,0.0,2.0,right
1769417418.2872071,4390,575,1.0,0.0,1.0,0.0,1.0,rest
1769417418.2892096,4391,575,1.0,0.0,1.0,0.0,1.0,rest
1769417418.290209,4393,575,1.0,0.0,2.0,0.0,2.0,right
1769417418.2912118,4394,575,1.0,0.0,1.0,0.0,1.0,rest
1769417418.2922082,4395,575,1.0,0.0,1.0,0.0,1.0,rest
1769417418.2932189,4396,575,1.0,0.0,1.0,0.0,1.0,rest
1769417418.294209,4397,575,1.0,0.0,1.0,0.0,1.0,rest
1769417418.2952075,4398,575,1.0,0.0,1.0,0.0,1.0,rest
1769417418.2962089,4400,575,1.0,0.0,2.0,0.0,2.0,right
1769417418.2972147,4401,575,1.0,0.0,1.0,0.0,1.0,rest
1769417418.298211,4403,575,1.0,0.0,2.0,0.0,2.0,right
1769417418.2992077,4404,575,1.0,0.0,1.0,0.0,1.0,rest
1769417418.3002098,4405,575,1.0,0.0,1.0,0.0,1.0,rest
1769417418.3012156,4407,575,1.0,0.0,2.0,0.0,2.0,right
1769417418.30221,4409,575,1.0,0.0,2.0,0.0,2.0,right
1769417418.3032074,4409,575,1.0,0.0,0.0,0.0,0.0,rest
1769417418.304209,4410,575,1.0,0.0,1.0,0.0,1.0,rest
1769417418.3062086,4412,575,1.0,0.0,2.0,0.0,2.0,right
1769417418.3072102,4414,575,1.0,0.0,2.0,0.0,2.0,right
1769417418.3082082,4415,575,1.0,0.0,1.0,0.0,1.0,rest
1769417418.3092067,4416,575,1.0,0.0,1.0,0.0,1.0,rest
1769417418.3102174,4417,575,1.0,0.0,1.0,0.0,1.0,rest
1769417418.3112214,4417,575,1.0,0.0,0.0,0.0,0.0,rest
1769417418.3122084,4419,575,1.0,0.0,2.0,0.0,2.0,right
1769417418.313208,4420,575,1.0,0.0,1.0,0.0,1.0,rest
1769417418.3142104,4421,575,1.0,0.0,1.0,0.0,1.0,rest
1769417418.3152149,4423,575,1.0,0.0,2.0,0.0,2.0,right
1769417418.3172112,4424,575,1.0,0.0,1.0,0.0,1.0,rest
1769417418.3182354,4425,575,1.0,0.0,1.0,0.0,1.0,rest
1769417418.3192797,4426,575,1.0,0.0,1.0,0.0,1.0,rest
1769417418.3202395,4427,575,1.0,0.0,1.0,0.0,1.0,rest
1769417418.3212428,4428,575,1.0,0.0,1.0,0.0,1.0,rest
1769417418.322243,4429,575,1.0,0.0,1.0,0.0,1.0,rest
1769417418.3242536,4430,575,1.0,0.0,1.0,0.0,1.0,rest
1769417418.3252416,4430,575,1.0,0.0,0.0,0.0,0.0,rest
1769417418.3262389,4431,575,1.0,0.0,1.0,0.0,1.0,rest
1769417418.3272414,4433,575,1.0,0.0,2.0,0.0,2.0,right
1769417418.3282404,4434,575,1.0,0.0,1.0,0.0,1.0,rest
1769417418.3292394,4435,575,1.0,0.0,1.0,0.0,1.0,rest
1769417418.3302393,4436,575,1.0,0.0,1.0,0.0,1.0,rest
1769417418.332241,4438,575,1.0,0.0,2.0,0.0,2.0,right
1769417418.3332396,4438,575,1.0,0.0,0.0,0.0,0.0,rest
1769417418.3342402,4440,575,1.0,0.0,2.0,0.0,2.0,right
1769417418.3353517,4441,575,1.0,0.0,1.0,0.0,1.0,rest
1769417418.3363504,4443,575,1.0,0.0,2.0,0.0,2.0,right
1769417418.3363504,4444,575,1.0,0.0,1.0,0.0,1.0,rest
1769417418.337351,4445,575,1.0,0.0,1.0,0.0,1.0,rest
1769417418.3384054,4447,575,1.0,0.0,2.0,0.0,2.0,right
1769417418.339411,4448,575,1.0,0.0,1.0,0.0,1.0,rest
1769417418.3403535,4449,575,1.0,0.0,1.0,0.0,1.0,rest
1769417418.3423564,4451,575,1.0,0.0,2.0,0.0,2.0,right
1769417418.3433764,4452,575,1.0,0.0,1.0,0.0,1.0,rest
1769417418.3433764,4454,575,1.0,0.0,2.0,0.0,2.0,right
1769417418.3453522,4454,575,1.0,0.0,0.0,0.0,0.0,rest
1769417418.3453522,4455,575,1.0,0.0,1.0,0.0,1.0,rest
1769417418.3463616,4456,575,1.0,0.0,1.0,0.0,1.0,rest
1769417418.347357,4458,575,1.0,0.0,2.0,0.0,2.0,right
1769417418.3483548,4459,575,1.0,0.0,1.0,0.0,1.0,rest
1769417418.3493547,4460,575,1.0,0.0,1.0,0.0,1.0,rest
1769417418.350352,4461,575,1.0,0.0,1.0,0.0,1.0,rest
1769417418.3513567,4461,575,1.0,0.0,0.0,0.0,0.0,rest
1769417418.3523552,4462,575,1.0,0.0,1.0,0.0,1.0,rest
1769417418.353353,4464,575,1.0,0.0,2.0,0.0,2.0,right
1769417418.3543558,4465,575,1.0,0.0,1.0,0.0,1.0,rest
1769417418.3563538,4466,575,1.0,0.0,1.0,0.0,1.0,rest
1769417418.3573525,4468,575,1.0,0.0,2.0,0.0,2.0,right
1769417418.3583534,4468,575,1.0,0.0,0.0,0.0,0.0,rest
1769417418.3583534,4469,575,1.0,0.0,1.0,0.0,1.0,rest
1769417418.359356,4471,575,1.0,0.0,2.0,0.0,2.0,right
1769417418.3603528,4473,575,1.0,0.0,2.0,0.0,2.0,right
1769417418.361352,4474,575,1.0,0.0,1.0,0.0,1.0,rest
1769417418.3623512,4475,575,1.0,0.0,1.0,0.0,1.0,rest
1769417418.3643851,4476,575,1.0,0.0,1.0,0.0,1.0,rest
1769417418.3653507,4478,575,1.0,0.0,2.0,0.0,2.0,right
1769417418.3653507,4478,575,1.0,0.0,0.0,0.0,0.0,rest
1769417418.3663518,4479,575,1.0,0.0,1.0,0.0,1.0,rest
1769417418.367355,4481,575,1.0,0.0,2.0,0.0,2.0,right
1769417418.3683898,4482,575,1.0,0.0,1.0,0.0,1.0,rest
1769417418.3693566,4483,575,1.0,0.0,1.0,0.0,1.0,rest
1769417418.3703508,4484,575,1.0,0.0,1.0,0.0,1.0,rest
1769417418.3723524,4484,575,1.0,0.0,0.0,0.0,0.0,rest
1769417418.3723524,4486,575,1.0,0.0,2.0,0.0,2.0,right
1769417418.3743508,4487,575,1.0,0.0,1.0,0.0,1.0,rest
1769417418.3743508,4488,575,1.0,0.0,1.0,0.0,1.0,rest
1769417418.375357,4489,575,1.0,0.0,1.0,0.0,1.0,rest
1769417418.37641,4490,575,1.0,0.0,1.0,0.0,1.0,rest
1769417418.3774257,4492,575,1.0,0.0,2.0,0.0,2.0,right
1769417418.378436,4492,575,1.0,0.0,0.0,0.0,0.0,rest
1769417418.3793516,4493,575,1.0,0.0,1.0,0.0,1.0,rest
1769417418.3813517,4494,575,1.0,0.0,1.0,0.0,1.0,rest
1769417418.3823524,4495,575,1.0,0.0,1.0,0.0,1.0,rest
1769417418.3823524,4496,575,1.0,0.0,1.0,0.0,1.0,rest
1769417418.3833544,4498,575,1.0,0.0,2.0,0.0,2.0,right
1769417418.384362,4498,575,1.0,0.0,0.0,0.0,0.0,rest
1769417418.385352,4500,575,1.0,0.0,2.0,0.0,2.0,right
1769417418.3863506,4501,575,1.0,0.0,1.0,0.0,1.0,rest
1769417418.3873518,4503,575,1.0,0.0,2.0,0.0,2.0,right
1769417418.388352,4504,575,1.0,0.0,1.0,0.0,1.0,rest
1769417418.3893497,4506,575,1.0,0.0,2.0,0.0,2.0,right
1769417418.3903506,4506,575,1.0,0.0,0.0,0.0,0.0,rest
1769417418.3913507,4508,575,1.0,0.0,2.0,0.0,2.0,right
1769417418.3933496,4509,575,1.0,0.0,1.0,0.0,1.0,rest
1769417418.394382,4511,575,1.0,0.0,2.0,0.0,2.0,right
1769417418.394382,4513,575,1.0,0.0,2.0,0.0,2.0,right
1769417418.395395,4514,575,1.0,0.0,1.0,0.0,1.0,rest
1769417418.3963509,4516,575,1.0,0.0,2.0,0.0,2.0,right
1769417418.3973837,4516,575,1.0,0.0,0.0,0.0,0.0,rest
1769417418.3983517,4517,575,1.0,0.0,1.0,0.0,1.0,rest
1769417418.3993502,4519,575,1.0,0.0,2.0,0.0,2.0,right
1769417418.400354,4521,575,1.0,0.0,2.0,0.0,2.0,right
1769417418.4023547,4522,575,1.0,0.0,1.0,0.0,1.0,rest
1769417418.4023547,4523,575,1.0,0.0,1.0,0.0,1.0,rest
1769417418.403397,4525,576,1.0,0.0,2.0,1.0,2.23606797749979,right
1769417418.4043536,4525,576,1.0,0.0,0.0,0.0,0.0,rest
1769417418.405361,4527,576,1.0,0.0,2.0,0.0,2.0,right
1769417418.406351,4529,576,1.0,0.0,2.0,0.0,2.0,right
1769417418.4073513,4530,576,1.0,0.0,1.0,0.0,1.0,rest
1769417418.4083564,4531,576,1.0,0.0,1.0,0.0,1.0,rest
1769417418.41035,4532,576,1.0,0.0,1.0,0.0,1.0,rest
1769417418.4113512,4534,576,1.0,0.0,2.0,0.0,2.0,right
1769417418.4113512,4535,576,1.0,0.0,1.0,0.0,1.0,rest
1769417418.4123502,4536,576,1.0,0.0,1.0,0.0,1.0,rest
1769417418.4133544,4537,576,1.0,0.0,1.0,0.0,1.0,rest
1769417418.4143498,4539,576,1.0,0.0,2.0,0.0,2.0,right
1769417418.4154108,4540,576,1.0,0.0,1.0,0.0,1.0,rest
1769417418.4163506,4542,576,1.0,0.0,2.0,0.0,2.0,right
1769417418.418351,4544,576,1.0,0.0,2.0,0.0,2.0,right
1769417418.4193902,4544,576,1.0,0.0,0.0,0.0,0.0,rest
1769417418.4193902,4546,576,1.0,0.0,2.0,0.0,2.0,right
1769417418.4203937,4547,576,1.0,0.0,1.0,0.0,1.0,rest
1769417418.4223957,4549,576,1.0,0.0,2.0,0.0,2.0,right
1769417418.4223957,4551,576,1.0,0.0,2.0,0.0,2.0,right
1769417418.4233944,4552,576,1.0,0.0,1.0,0.0,1.0,rest
1769417418.4244075,4554,576,1.0,0.0,2.0,0.0,2.0,right
1769417418.4254038,4554,576,1.0,0.0,0.0,0.0,0.0,rest
1769417418.4263947,4555,576,1.0,0.0,1.0,0.0,1.0,rest
1769417418.427406,4557,577,1.0,0.0,2.0,1.0,2.23606797749979,right
1769417418.4283948,4559,577,1.0,0.0,2.0,0.0,2.0,right
1769417418.4293942,4561,577,1.0,0.0,2.0,0.0,2.0,right
1769417418.4304037,4563,577,1.0,0.0,2.0,0.0,2.0,right
1769417418.431395,4564,577,1.0,0.0,1.0,0.0,1.0,rest
1769417418.4323947,4566,577,1.0,0.0,2.0,0.0,2.0,right
1769417418.4333937,4567,577,1.0,0.0,1.0,0.0,1.0,rest
1769417418.4354658,4568,577,1.0,0.0,1.0,0.0,1.0,rest
1769417418.4354658,4570,577,1.0,0.0,2.0,0.0,2.0,right
1769417418.4364653,4571,577,1.0,0.0,1.0,0.0,1.0,rest
1769417418.4374657,4573,577,1.0,0.0,2.0,0.0,2.0,right
1769417418.4384663,4575,577,1.0,0.0,2.0,0.0,2.0,right
1769417418.4394665,4577,577,1.0,0.0,2.0,0.0,2.0,right
1769417418.4404664,4577,577,1.0,0.0,0.0,0.0,0.0,rest
1769417418.4414666,4579,578,1.0,0.0,2.0,1.0,2.23606797749979,right
1769417418.4424672,4581,578,1.0,0.0,2.0,0.0,2.0,right
1769417418.4445083,4583,578,1.0,0.0,2.0,0.0,2.0,right
1769417418.4455116,4584,578,1.0,0.0,1.0,0.0,1.0,rest
1769417418.4455116,4585,578,1.0,0.0,1.0,0.0,1.0,rest
1769417418.4464674,4587,578,1.0,0.0,2.0,0.0,2.0,right
1769417418.4474676,4589,578,1.0,0.0,2.0,0.0,2.0,right
1769417418.4484682,4591,578,1.0,0.0,2.0,0.0,2.0,right
1769417418.449468,4591,578,1.0,0.0,0.0,0.0,0.0,rest
1769417418.450467,4592,578,1.0,0.0,1.0,0.0,1.0,rest
1769417418.4514687,4594,578,1.0,0.0,2.0,0.0,2.0,right
1769417418.4524667,4596,578,1.0,0.0,2.0,0.0,2.0,right
1769417418.4534657,4597,578,1.0,0.0,1.0,0.0,1.0,rest
1769417418.4544692,4599,578,1.0,0.0,2.0,0.0,2.0,right
1769417418.455469,4599,578,1.0,0.0,0.0,0.0,0.0,rest
1769417418.456466,4600,579,1.0,0.0,1.0,1.0,1.4142135623730951,rest
1769417418.4574697,4601,579,1.0,0.0,1.0,0.0,1.0,rest
1769417418.4584658,4603,579,1.0,0.0,2.0,0.0,2.0,right
1769417418.4594653,4604,579,1.0,0.0,1.0,0.0,1.0,rest
1769417418.4604657,4605,579,1.0,0.0,1.0,0.0,1.0,rest
1769417418.4614668,4606,579,1.0,0.0,1.0,0.0,1.0,rest
1769417418.4630692,4607,579,1.0,0.0,1.0,0.0,1.0,rest
1769417418.4646585,4608,579,1.0,0.0,1.0,0.0,1.0,rest
1769417418.4656942,4609,579,1.0,0.0,1.0,0.0,1.0,rest
1769417418.4677,4610,579,1.0,0.0,1.0,0.0,1.0,rest
1769417418.4696977,4611,580,1.0,0.0,1.0,1.0,1.4142135623730951,rest
1769417418.471697,4612,580,1.0,0.0,1.0,0.0,1.0,rest
1769417418.4747007,4613,580,1.0,0.0,1.0,0.0,1.0,rest
1769417418.4786975,4613,580,1.0,0.0,0.0,0.0,0.0,rest
1769417419.2266707,4613,580,1.0,0.0,0.0,0.0,0.0,rest
1769417419.230296,4613,580,1.0,0.0,0.0,0.0,0.0,rest
1769417419.2322962,4613,580,1.0,0.0,0.0,0.0,0.0,rest
1769417419.2334116,4612,580,1.0,0.0,-1.0,0.0,1.0,rest
1769417419.2359242,4611,580,1.0,0.0,-1.0,0.0,1.0,rest
1769417419.2370842,4610,581,1.0,0.0,-1.0,1.0,1.4142135623730951,rest
1769417419.2383575,4609,581,1.0,0.0,-1.0,0.0,1.0,rest
1769417419.2403638,4608,581,1.0,0.0,-1.0,0.0,1.0,rest
1769417419.2413828,4608,581,1.0,0.0,0.0,0.0,0.0,rest
1769417419.2423882,4607,581,1.0,0.0,-1.0,0.0,1.0,rest
1769417419.2433882,4606,582,1.0,0.0,-1.0,1.0,1.4142135623730951,rest
1769417419.2443883,4605,582,1.0,0.0,-1.0,0.0,1.0,rest
1769417419.2453911,4604,582,1.0,0.0,-1.0,0.0,1.0,rest
1769417419.2463892,4603,582,1.0,0.0,-1.0,0.0,1.0,rest
1769417419.2473888,4602,582,1.0,0.0,-1.0,0.0,1.0,rest
1769417419.2493882,4602,583,1.0,0.0,0.0,1.0,1.0,rest
1769417419.2503896,4601,583,1.0,0.0,-1.0,0.0,1.0,rest
1769417419.2513878,4599,583,1.0,0.0,-2.0,0.0,2.0,left
1769417419.252389,4598,583,1.0,0.0,-1.0,0.0,1.0,rest
1769417419.254388,4597,583,1.0,0.0,-1.0,0.0,1.0,rest
1769417419.2560403,4596,583,1.0,0.0,-1.0,0.0,1.0,rest
1769417419.2560403,4595,583,1.0,0.0,-1.0,0.0,1.0,rest
1769417419.2573917,4594,583,1.0,0.0,-1.0,0.0,1.0,rest
1769417419.2593973,4593,583,1.0,0.0,-1.0,0.0,1.0,rest
1769417419.2603962,4591,583,1.0,0.0,-2.0,0.0,2.0,left
1769417419.2613962,4590,584,1.0,0.0,-1.0,1.0,1.4142135623730951,rest
1769417419.2623968,4588,584,1.0,0.0,-2.0,0.0,2.0,left
1769417419.2633984,4587,584,1.0,0.0,-1.0,0.0,1.0,rest
1769417419.2643957,4587,584,1.0,0.0,0.0,0.0,0.0,rest
1769417419.2653966,4586,584,1.0,0.0,-1.0,0.0,1.0,rest
1769417419.2673962,4584,584,1.0,0.0,-2.0,0.0,2.0,left
1769417419.2673962,4583,585,1.0,0.0,-1.0,1.0,1.4142135623730951,rest
1769417419.2693968,4581,585,1.0,0.0,-2.0,0.0,2.0,left
1769417419.2713969,4579,585,1.0,0.0,-2.0,0.0,2.0,left
1769417419.2723963,4579,585,1.0,0.0,0.0,0.0,0.0,rest
1769417419.2733958,4577,585,1.0,0.0,-2.0,0.0,2.0,left
1769417419.274396,4576,585,1.0,0.0,-1.0,0.0,1.0,rest
1769417419.274396,4575,585,1.0,0.0,-1.0,0.0,1.0,rest
1769417419.275396,4574,585,1.0,0.0,-1.0,0.0,1.0,rest
1769417419.2774043,4573,585,1.0,0.0,-1.0,0.0,1.0,rest
1769417419.2783964,4572,585,1.0,0.0,-1.0,0.0,1.0,rest
1769417419.2799556,4572,585,1.0,0.0,0.0,0.0,0.0,rest
1769417419.2805407,4570,585,1.0,0.0,-2.0,0.0,2.0,left
1769417419.283188,4569,585,1.0,0.0,-1.0,0.0,1.0,rest
1769417419.2841947,4568,585,1.0,0.0,-1.0,0.0,1.0,rest
1769417419.28519,4567,586,1.0,0.0,-1.0,1.0,1.4142135623730951,rest
1769417419.286193,4566,586,1.0,0.0,-1.0,0.0,1.0,rest
1769417419.2881987,4565,586,1.0,0.0,-1.0,0.0,1.0,rest
1769417419.2901926,4564,586,1.0,0.0,-1.0,0.0,1.0,rest
1769417419.2901926,4563,586,1.0,0.0,-1.0,0.0,1.0,rest
1769417419.2914803,4562,586,1.0,0.0,-1.0,0.0,1.0,rest
1769417419.2924843,4561,586,1.0,0.0,-1.0,0.0,1.0,rest
1769417419.2934835,4560,586,1.0,0.0,-1.0,0.0,1.0,rest
1769417419.2944849,4559,586,1.0,0.0,-1.0,0.0,1.0,rest
1769417419.295941,4559,586,1.0,0.0,0.0,0.0,0.0,rest
1769417419.2969484,4558,586,1.0,0.0,-1.0,0.0,1.0,rest
1769417419.2989454,4557,586,1.0,0.0,-1.0,0.0,1.0,rest
1769417419.3001902,4556,586,1.0,0.0,-1.0,0.0,1.0,rest
1769417419.3011217,4554,586,1.0,0.0,-2.0,0.0,2.0,left
1769417419.3021965,4553,586,1.0,0.0,-1.0,0.0,1.0,rest
1769417419.3031936,4552,586,1.0,0.0,-1.0,0.0,1.0,rest
1769417419.3041956,4552,586,1.0,0.0,0.0,0.0,0.0,rest
1769417419.3051896,4551,586,1.0,0.0,-1.0,0.0,1.0,rest
1769417419.3061972,4550,586,1.0,0.0,-1.0,0.0,1.0,rest
1769417419.3072016,4549,586,1.0,0.0,-1.0,0.0,1.0,rest
1769417419.308204,4548,586,1.0,0.0,-1.0,0.0,1.0,rest
1769417419.3086112,4547,586,1.0,0.0,-1.0,0.0,1.0,rest
1769417419.3096223,4547,586,1.0,0.0,0.0,0.0,0.0,rest
1769417419.3106215,4545,586,1.0,0.0,-2.0,0.0,2.0,left
1769417419.31162,4544,586,1.0,0.0,-1.0,0.0,1.0,rest
1769417419.312622,4543,586,1.0,0.0,-1.0,0.0,1.0,rest
1769417419.3136196,4542,586,1.0,0.0,-1.0,0.0,1.0,rest
1769417419.314622,4540,586,1.0,0.0,-2.0,0.0,2.0,left
1769417419.3156204,4539,586,1.0,0.0,-1.0,0.0,1.0,rest
1769417419.3166225,4538,586,1.0,0.0,-1.0,0.0,1.0,rest
1769417419.3176205,4537,586,1.0,0.0,-1.0,0.0,1.0,rest
1769417419.3186204,4536,586,1.0,0.0,-1.0,0.0,1.0,rest
1769417419.3196723,4535,586,1.0,0.0,-1.0,0.0,1.0,rest
1769417419.320677,4533,586,1.0,0.0,-2.0,0.0,2.0,left
1769417419.3216755,4532,586,1.0,0.0,-1.0,0.0,1.0,rest
1769417419.3226752,4531,586,1.0,0.0,-1.0,0.0,1.0,rest
1769417419.3236754,4530,586,1.0,0.0,-1.0,0.0,1.0,rest
1769417419.325189,4529,586,1.0,0.0,-1.0,0.0,1.0,rest
1769417419.326189,4528,586,1.0,0.0,-1.0,0.0,1.0,rest
1769417419.3270676,4527,586,1.0,0.0,-1.0,0.0,1.0,rest
1769417419.328076,4526,586,1.0,0.0,-1.0,0.0,1.0,rest
1769417419.3290749,4526,586,1.0,0.0,0.0,0.0,0.0,rest
1769417419.330074,4524,586,1.0,0.0,-2.0,0.0,2.0,left
1769417419.3310733,4523,586,1.0,0.0,-1.0,0.0,1.0,rest
1769417419.3320737,4522,586,1.0,0.0,-1.0,0.0,1.0,rest
1769417419.3330746,4521,586,1.0,0.0,-1.0,0.0,1.0,rest
1769417419.3341894,4520,586,1.0,0.0,-1.0,0.0,1.0,rest
1769417419.3350773,4519,586,1.0,0.0,-1.0,0.0,1.0,rest
1769417419.336084,4519,586,1.0,0.0,0.0,0.0,0.0,rest
1769417419.3370836,4517,586,1.0,0.0,-2.0,0.0,2.0,left
1769417419.3380835,4516,586,1.0,0.0,-1.0,0.0,1.0,rest
1769417419.3390832,4515,586,1.0,0.0,-1.0,0.0,1.0,rest
1769417419.340084,4514,586,1.0,0.0,-1.0,0.0,1.0,rest
1769417419.3410852,4513,586,1.0,0.0,-1.0,0.0,1.0,rest
1769417419.3420837,4512,586,1.0,0.0,-1.0,0.0,1.0,rest
1769417419.3430834,4511,586,1.0,0.0,-1.0,0.0,1.0,rest
1769417419.344084,4509,586,1.0,0.0,-2.0,0.0,2.0,left
1769417419.345085,4508,586,1.0,0.0,-1.0,0.0,1.0,rest
1769417419.3460836,4507,586,1.0,0.0,-1.0,0.0,1.0,rest
1769417419.347083,4505,586,1.0,0.0,-2.0,0.0,2.0,left
1769417419.3480844,4503,586,1.0,0.0,-2.0,0.0,2.0,left
1769417419.3490844,4502,586,1.0,0.0,-1.0,0.0,1.0,rest
1769417419.3510702,4500,586,1.0,0.0,-2.0,0.0,2.0,left
1769417419.3520887,4499,586,1.0,0.0,-1.0,0.0,1.0,rest
1769417419.353094,4497,586,1.0,0.0,-2.0,0.0,2.0,left
1769417419.35419,4495,586,1.0,0.0,-2.0,0.0,2.0,left
1769417419.3550682,4493,586,1.0,0.0,-2.0,0.0,2.0,left
1769417419.3560984,4492,586,1.0,0.0,-1.0,0.0,1.0,rest
1769417419.357104,4491,586,1.0,0.0,-1.0,0.0,1.0,rest
1769417419.3581045,4490,586,1.0,0.0,-1.0,0.0,1.0,rest
1769417419.3591044,4486,586,1.0,0.0,-4.0,0.0,4.0,left
1769417419.3601038,4486,586,1.0,0.0,0.0,0.0,0.0,rest
1769417419.3611045,4484,586,1.0,0.0,-2.0,0.0,2.0,left
1769417419.3621051,4480,586,1.0,0.0,-4.0,0.0,4.0,left
1769417419.363105,4477,586,1.0,0.0,-3.0,0.0,3.0,left
1769417419.3641045,4476,586,1.0,0.0,-1.0,0.0,1.0,rest
1769417419.3651042,4474,586,1.0,0.0,-2.0,0.0,2.0,left
1769417419.366107,4470,586,1.0,0.0,-4.0,0.0,4.0,left
1769417419.3671043,4468,586,1.0,0.0,-2.0,0.0,2.0,left
1769417419.3681042,4467,586,1.0,0.0,-1.0,0.0,1.0,rest
1769417419.369104,4463,585,1.0,0.0,-4.0,-1.0,4.123105625617661,left
1769417419.3701046,4461,585,1.0,0.0,-2.0,0.0,2.0,left
1769417419.3711889,4458,585,1.0,0.0,-3.0,0.0,3.0,left
1769417419.372189,4455,585,1.0,0.0,-3.0,0.0,3.0,left
1769417419.3731892,4453,585,1.0,0.0,-2.0,0.0,2.0,left
1769417419.3741958,4451,585,1.0,0.0,-2.0,0.0,2.0,left
1769417419.3751948,4449,585,1.0,0.0,-2.0,0.0,2.0,left
1769417419.3761933,4447,584,1.0,0.0,-2.0,-1.0,2.23606797749979,left
1769417419.3771951,4444,584,1.0,0.0,-3.0,0.0,3.0,left
1769417419.378196,4442,584,1.0,0.0,-2.0,0.0,2.0,left
1769417419.3791964,4440,584,1.0,0.0,-2.0,0.0,2.0,left
1769417419.380189,4438,584,1.0,0.0,-2.0,0.0,2.0,left
1769417419.381194,4435,584,1.0,0.0,-3.0,0.0,3.0,left
1769417419.382193,4433,584,1.0,0.0,-2.0,0.0,2.0,left
1769417419.383193,4431,584,1.0,0.0,-2.0,0.0,2.0,left
1769417419.384194,4428,584,1.0,0.0,-3.0,0.0,3.0,left
1769417419.3851936,4426,584,1.0,0.0,-2.0,0.0,2.0,left
1769417419.3861938,4424,583,1.0,0.0,-2.0,-1.0,2.23606797749979,left
1769417419.3871934,4421,583,1.0,0.0,-3.0,0.0,3.0,left
1769417419.3881938,4417,583,1.0,0.0,-4.0,0.0,4.0,left
1769417419.3891933,4417,583,1.0,0.0,0.0,0.0,0.0,rest
1769417419.3901937,4414,583,1.0,0.0,-3.0,0.0,3.0,left
1769417419.3911932,4411,583,1.0,0.0,-3.0,0.0,3.0,left
1769417419.392196,4410,583,1.0,0.0,-1.0,0.0,1.0,rest
1769417419.3931935,4408,583,1.0,0.0,-2.0,0.0,2.0,left
1769417419.3931935,4406,583,1.0,0.0,-2.0,0.0,2.0,left
1769417419.3946116,4404,583,1.0,0.0,-2.0,0.0,2.0,left
1769417419.395617,4403,583,1.0,0.0,-1.0,0.0,1.0,rest
1769417419.397188,4402,583,1.0,0.0,-1.0,0.0,1.0,rest
1769417419.397904,4401,583,1.0,0.0,-1.0,0.0,1.0,rest
1769417419.3989098,4398,582,1.0,0.0,-3.0,-1.0,3.1622776601683795,left
1769417419.4000337,4398,582,1.0,0.0,0.0,0.0,0.0,rest
1769417419.401039,4396,582,1.0,0.0,-2.0,0.0,2.0,left
1769417419.401039,4395,582,1.0,0.0,-1.0,0.0,1.0,rest
1769417419.4023306,4394,582,1.0,0.0,-1.0,0.0,1.0,rest
1769417419.4037714,4392,582,1.0,0.0,-2.0,0.0,2.0,left
1769417419.4047775,4391,582,1.0,0.0,-1.0,0.0,1.0,rest
1769417419.4057765,4390,582,1.0,0.0,-1.0,0.0,1.0,rest
1769417419.4067824,4389,582,1.0,0.0,-1.0,0.0,1.0,rest
1769417419.4081686,4388,581,1.0,0.0,-1.0,-1.0,1.4142135623730951,rest
1769417419.4089284,4386,581,1.0,0.0,-2.0,0.0,2.0,left
1769417419.4099362,4385,581,1.0,0.0,-1.0,0.0,1.0,rest
1769417419.4109335,4383,581,1.0,0.0,-2.0,0.0,2.0,left
1769417419.4129343,4383,581,1.0,0.0,0.0,0.0,0.0,rest
1769417419.4139333,4381,581,1.0,0.0,-2.0,0.0,2.0,left
1769417419.414934,4380,581,1.0,0.0,-1.0,0.0,1.0,rest
1769417419.4161794,4378,581,1.0,0.0,-2.0,0.0,2.0,left
1769417419.4161794,4376,581,1.0,0.0,-2.0,0.0,2.0,left
1769417419.418609,4375,581,1.0,0.0,-1.0,0.0,1.0,rest
1769417419.419609,4373,581,1.0,0.0,-2.0,0.0,2.0,left
1769417419.420613,4372,581,1.0,0.0,-1.0,0.0,1.0,rest
1769417419.4223678,4371,581,1.0,0.0,-1.0,0.0,1.0,rest
1769417419.423386,4369,581,1.0,0.0,-2.0,0.0,2.0,left
1769417419.4243867,4368,581,1.0,0.0,-1.0,0.0,1.0,rest
1769417419.4243867,4367,581,1.0,0.0,-1.0,0.0,1.0,rest
1769417419.4263856,4365,581,1.0,0.0,-2.0,0.0,2.0,left
1769417419.427387,4363,581,1.0,0.0,-2.0,0.0,2.0,left
1769417419.4284184,4362,581,1.0,0.0,-1.0,0.0,1.0,rest
1769417419.429386,4361,581,1.0,0.0,-1.0,0.0,1.0,rest
1769417419.4305737,4360,581,1.0,0.0,-1.0,0.0,1.0,rest
1769417419.4305737,4358,581,1.0,0.0,-2.0,0.0,2.0,left
1769417419.4315867,4356,581,1.0,0.0,-2.0,0.0,2.0,left
1769417419.4325871,4354,581,1.0,0.0,-2.0,0.0,2.0,left
1769417419.4335873,4352,581,1.0,0.0,-2.0,0.0,2.0,left
1769417419.435091,4351,581,1.0,0.0,-1.0,0.0,1.0,rest
1769417419.4360943,4351,581,1.0,0.0,0.0,0.0,0.0,rest
1769417419.4370973,4350,581,1.0,0.0,-1.0,0.0,1.0,rest
1769417419.4380956,4348,581,1.0,0.0,-2.0,0.0,2.0,left
1769417419.4390972,4346,581,1.0,0.0,-2.0,0.0,2.0,left
1769417419.4400992,4344,580,1.0,0.0,-2.0,-1.0,2.23606797749979,left
1769417419.4410949,4343,580,1.0,0.0,-1.0,0.0,1.0,rest
1769417419.4420948,4342,580,1.0,0.0,-1.0,0.0,1.0,rest
1769417419.4430945,4340,580,1.0,0.0,-2.0,0.0,2.0,left
1769417419.444095,4338,580,1.0,0.0,-2.0,0.0,2.0,left
1769417419.4450948,4337,580,1.0,0.0,-1.0,0.0,1.0,rest
1769417419.446095,4336,580,1.0,0.0,-1.0,0.0,1.0,rest
1769417419.4470956,4334,580,1.0,0.0,-2.0,0.0,2.0,left
1769417419.448095,4332,579,1.0,0.0,-2.0,-1.0,2.23606797749979,left
1769417419.449095,4330,579,1.0,0.0,-2.0,0.0,2.0,left
1769417419.450188,4329,579,1.0,0.0,-1.0,0.0,1.0,rest
1769417419.4510665,4327,579,1.0,0.0,-2.0,0.0,2.0,left
1769417419.4515605,4325,579,1.0,0.0,-2.0,0.0,2.0,left
1769417419.4525666,4323,579,1.0,0.0,-2.0,0.0,2.0,left
1769417419.4535658,4321,579,1.0,0.0,-2.0,0.0,2.0,left
1769417419.4545648,4319,577,1.0,0.0,-2.0,-2.0,2.8284271247461903,up
1769417419.455564,4317,577,1.0,0.0,-2.0,0.0,2.0,left
1769417419.457564,4316,577,1.0,0.0,-1.0,0.0,1.0,rest
1769417419.457564,4314,577,1.0,0.0,-2.0,0.0,2.0,left
1769417419.458567,4313,577,1.0,0.0,-1.0,0.0,1.0,rest
1769417419.459614,4311,577,1.0,0.0,-2.0,0.0,2.0,left
1769417419.4605656,4309,577,1.0,0.0,-2.0,0.0,2.0,left
1769417419.4615636,4307,577,1.0,0.0,-2.0,0.0,2.0,left
1769417419.4625647,4305,577,1.0,0.0,-2.0,0.0,2.0,left
1769417419.4645648,4302,577,1.0,0.0,-3.0,0.0,3.0,left
1769417419.4655645,4300,577,1.0,0.0,-2.0,0.0,2.0,left
1769417419.466565,4298,577,1.0,0.0,-2.0,0.0,2.0,left
1769417419.4675658,4296,577,1.0,0.0,-2.0,0.0,2.0,left
1769417419.4686124,4293,576,1.0,0.0,-3.0,-1.0,3.1622776601683795,left
1769417419.469627,4291,576,1.0,0.0,-2.0,0.0,2.0,left
1769417419.470565,4288,576,1.0,0.0,-3.0,0.0,3.0,left
1769417419.4715743,4285,576,1.0,0.0,-3.0,0.0,3.0,left
1769417419.4725645,4281,576,1.0,0.0,-4.0,0.0,4.0,left
1769417419.4735644,4278,576,1.0,0.0,-3.0,0.0,3.0,left
1769417419.4745655,4275,576,1.0,0.0,-3.0,0.0,3.0,left
1769417419.4760754,4273,576,1.0,0.0,-2.0,0.0,2.0,left
1769417419.4770818,4270,576,1.0,0.0,-3.0,0.0,3.0,left
1769417419.478081,4267,576,1.0,0.0,-3.0,0.0,3.0,left
1769417419.4790816,4263,575,1.0,0.0,-4.0,-1.0,4.123105625617661,left
1769417419.4800816,4260,575,1.0,0.0,-3.0,0.0,3.0,left
1769417419.4810822,4257,575,1.0,0.0,-3.0,0.0,3.0,left
1769417419.482081,4254,575,1.0,0.0,-3.0,0.0,3.0,left
1769417419.483081,4251,575,1.0,0.0,-3.0,0.0,3.0,left
1769417419.484082,4249,575,1.0,0.0,-2.0,0.0,2.0,left
1769417419.4850817,4244,575,1.0,0.0,-5.0,0.0,5.0,left
1769417419.4860864,4241,575,1.0,0.0,-3.0,0.0,3.0,left
1769417419.4870813,4238,574,1.0,0.0,-3.0,-1.0,3.1622776601683795,left
1769417419.488081,4233,574,1.0,0.0,-5.0,0.0,5.0,left
1769417419.4890883,4230,574,1.0,0.0,-3.0,0.0,3.0,left
1769417419.4900818,4226,574,1.0,0.0,-4.0,0.0,4.0,left
1769417419.4910808,4224,574,1.0,0.0,-2.0,0.0,2.0,left
1769417419.4920838,4219,573,1.0,0.0,-5.0,-1.0,5.0990195135927845,left
1769417419.4930816,4216,573,1.0,0.0,-3.0,0.0,3.0,left
1769417419.4940815,4211,573,1.0,0.0,-5.0,0.0,5.0,left
1769417419.4950812,4208,573,1.0,0.0,-3.0,0.0,3.0,left
1769417419.496082,4204,573,1.0,0.0,-4.0,0.0,4.0,left
1769417419.497083,4199,573,1.0,0.0,-5.0,0.0,5.0,left
1769417419.4980814,4196,573,1.0,0.0,-3.0,0.0,3.0,left
1769417419.4990816,4191,573,1.0,0.0,-5.0,0.0,5.0,left
1769417419.5000868,4188,573,1.0,0.0,-3.0,0.0,3.0,left
1769417419.501084,4184,573,1.0,0.0,-4.0,0.0,4.0,left
1769417419.502081,4179,573,1.0,0.0,-5.0,0.0,5.0,left
1769417419.5030806,4176,573,1.0,0.0,-3.0,0.0,3.0,left
1769417419.5040815,4171,572,1.0,0.0,-5.0,-1.0,5.0990195135927845,left
1769417419.5050857,4168,572,1.0,0.0,-3.0,0.0,3.0,left
1769417419.506081,4164,572,1.0,0.0,-4.0,0.0,4.0,left
1769417419.5070806,4159,572,1.0,0.0,-5.0,0.0,5.0,left
1769417419.508081,4156,572,1.0,0.0,-3.0,0.0,3.0,left
1769417419.5090814,4153,571,1.0,0.0,-3.0,-1.0,3.1622776601683795,left
1769417419.5100822,4148,571,1.0,0.0,-5.0,0.0,5.0,left
1769417419.511081,4144,571,1.0,0.0,-4.0,0.0,4.0,left
1769417419.5120826,4141,571,1.0,0.0,-3.0,0.0,3.0,left
1769417419.5130816,4137,571,1.0,0.0,-4.0,0.0,4.0,left
1769417419.5140808,4134,571,1.0,0.0,-3.0,0.0,3.0,left
1769417419.515081,4130,570,1.0,0.0,-4.0,-1.0,4.123105625617661,left
1769417419.5160816,4126,570,1.0,0.0,-4.0,0.0,4.0,left
1769417419.517081,4124,570,1.0,0.0,-2.0,0.0,2.0,left
1769417419.5180805,4121,570,1.0,0.0,-3.0,0.0,3.0,left
1769417419.5190804,4117,568,1.0,0.0,-4.0,-2.0,4.47213595499958,left
1769417419.520082,4115,568,1.0,0.0,-2.0,0.0,2.0,left
1769417419.521087,4112,568,1.0,0.0,-3.0,0.0,3.0,left
1769417419.5220866,4108,568,1.0,0.0,-4.0,0.0,4.0,left
1769417419.5230849,4106,568,1.0,0.0,-2.0,0.0,2.0,left
1769417419.5240867,4103,568,1.0,0.0,-3.0,0.0,3.0,left
1769417419.5250869,4101,568,1.0,0.0,-2.0,0.0,2.0,left
1769417419.526086,4099,568,1.0,0.0,-2.0,0.0,2.0,left
1769417419.5270858,4096,568,1.0,0.0,-3.0,0.0,3.0,left
1769417419.5280857,4094,568,1.0,0.0,-2.0,0.0,2.0,left
1769417419.5290868,4092,567,1.0,0.0,-2.0,-1.0,2.23606797749979,left
1769417419.530085,4090,567,1.0,0.0,-2.0,0.0,2.0,left
1769417419.5310843,4088,567,1.0,0.0,-2.0,0.0,2.0,left
1769417419.532085,4086,567,1.0,0.0,-2.0,0.0,2.0,left
1769417419.5330856,4086,567,1.0,0.0,0.0,0.0,0.0,rest
1769417419.5340858,4083,567,1.0,0.0,-3.0,0.0,3.0,left
1769417419.5350847,4082,567,1.0,0.0,-1.0,0.0,1.0,rest
1769417419.5361314,4080,567,1.0,0.0,-2.0,0.0,2.0,left
1769417419.5371327,4079,567,1.0,0.0,-1.0,0.0,1.0,rest
1769417419.5381324,4077,566,1.0,0.0,-2.0,-1.0,2.23606797749979,left
1769417419.5391316,4075,566,1.0,0.0,-2.0,0.0,2.0,left
1769417419.5401351,4073,566,1.0,0.0,-2.0,0.0,2.0,left
1769417419.5411313,4072,566,1.0,0.0,-1.0,0.0,1.0,rest
1769417419.542132,4070,566,1.0,0.0,-2.0,0.0,2.0,left
1769417419.543131,4068,566,1.0,0.0,-2.0,0.0,2.0,left
1769417419.5441318,4066,566,1.0,0.0,-2.0,0.0,2.0,left
1769417419.5451317,4064,566,1.0,0.0,-2.0,0.0,2.0,left
1769417419.5461316,4063,566,1.0,0.0,-1.0,0.0,1.0,rest
1769417419.5471308,4061,566,1.0,0.0,-2.0,0.0,2.0,left
1769417419.5481312,4060,566,1.0,0.0,-1.0,0.0,1.0,rest
1769417419.5491316,4059,566,1.0,0.0,-1.0,0.0,1.0,rest
1769417419.550132,4057,566,1.0,0.0,-2.0,0.0,2.0,left
1769417419.5510678,4056,566,1.0,0.0,-1.0,0.0,1.0,rest
1769417419.5521903,4054,566,1.0,0.0,-2.0,0.0,2.0,left
1769417419.5531948,4053,566,1.0,0.0,-1.0,0.0,1.0,rest
1769417419.5541947,4051,566,1.0,0.0,-2.0,0.0,2.0,left
1769417419.5551949,4050,566,1.0,0.0,-1.0,0.0,1.0,rest
1769417419.5561943,4050,566,1.0,0.0,0.0,0.0,0.0,rest
1769417419.5571954,4049,566,1.0,0.0,-1.0,0.0,1.0,rest
1769417419.558195,4048,566,1.0,0.0,-1.0,0.0,1.0,rest
1769417419.559069,4047,566,1.0,0.0,-1.0,0.0,1.0,rest
1769417419.5601888,4046,566,1.0,0.0,-1.0,0.0,1.0,rest
1769417419.5612004,4045,566,1.0,0.0,-1.0,0.0,1.0,rest
1769417419.564206,4044,566,1.0,0.0,-1.0,0.0,1.0,rest
1769417419.5657587,4044,566,1.0,0.0,0.0,0.0,0.0,rest
1769417419.569759,4043,566,1.0,0.0,-1.0,0.0,1.0,rest
1769417419.571764,4042,566,1.0,0.0,-1.0,0.0,1.0,rest
1769417419.5737638,4041,566,1.0,0.0,-1.0,0.0,1.0,rest
1769417419.57776,4040,566,1.0,0.0,-1.0,0.0,1.0,rest
1769417419.6671894,4040,565,1.0,0.0,0.0,-1.0,1.0,rest
1769417419.9724562,4040,565,1.0,0.0,0.0,0.0,0.0,rest
1769417419.9979908,4040,566,1.0,0.0,0.0,1.0,1.0,rest
1769417420.0002706,4039,566,1.0,0.0,-1.0,0.0,1.0,rest
1769417420.0002706,4039,566,1.0,0.0,0.0,0.0,0.0,rest
1769417420.002931,4039,567,1.0,0.0,0.0,1.0,1.0,rest
1769417420.0041058,4039,568,1.0,0.0,0.0,1.0,1.0,rest
1769417420.005123,4039,569,1.0,0.0,0.0,1.0,1.0,rest
1769417420.0075016,4038,570,1.0,0.0,-1.0,1.0,1.4142135623730951,rest
1769417420.0095074,4038,571,1.0,0.0,0.0,1.0,1.0,rest
1769417420.011879,4038,572,1.0,0.0,0.0,1.0,1.0,rest
1769417420.013188,4038,572,1.0,0.0,0.0,0.0,0.0,rest
1769417420.0141938,4038,573,1.0,0.0,0.0,1.0,1.0,rest
1769417420.015199,4038,574,1.0,0.0,0.0,1.0,1.0,rest
1769417420.0182028,4038,575,1.0,0.0,0.0,1.0,1.0,rest
1769417420.020199,4038,576,1.0,0.0,0.0,1.0,1.0,rest
1769417420.020199,4037,576,1.0,0.0,-1.0,0.0,1.0,rest
1769417420.0224297,4037,577,1.0,0.0,0.0,1.0,1.0,rest
1769417420.0234215,4036,577,1.0,0.0,-1.0,0.0,1.0,rest
1769417420.025739,4036,578,1.0,0.0,0.0,1.0,1.0,rest
1769417420.0267358,4036,579,1.0,0.0,0.0,1.0,1.0,rest
1769417420.0277414,4035,579,1.0,0.0,-1.0,0.0,1.0,rest
1769417420.0291882,4035,580,1.0,0.0,0.0,1.0,1.0,rest
1769417420.0311902,4034,581,1.0,0.0,-1.0,1.0,1.4142135623730951,rest
1769417420.032191,4034,582,1.0,0.0,0.0,1.0,1.0,rest
1769417420.0342078,4034,583,1.0,0.0,0.0,1.0,1.0,rest
1769417420.0357122,4034,583,1.0,0.0,0.0,0.0,0.0,rest
1769417420.0380576,4033,583,1.0,0.0,-1.0,0.0,1.0,rest
1769417420.0390642,4033,585,1.0,0.0,0.0,2.0,2.0,down
1769417420.0411618,4033,586,1.0,0.0,0.0,1.0,1.0,rest
1769417420.0421617,4033,587,1.0,0.0,0.0,1.0,1.0,rest
1769417420.043162,4033,588,1.0,0.0,0.0,1.0,1.0,rest
1769417420.0471609,4033,589,1.0,0.0,0.0,1.0,1.0,rest
1769417420.0481613,4032,589,1.0,0.0,-1.0,0.0,1.0,rest
1769417420.050188,4032,590,1.0,0.0,0.0,1.0,1.0,rest
1769417420.0521677,4032,590,1.0,0.0,0.0,0.0,0.0,rest
1769417420.0545094,4032,591,1.0,0.0,0.0,1.0,1.0,rest
1769417420.0565045,4031,591,1.0,0.0,-1.0,0.0,1.0,rest
1769417420.0583284,4031,592,1.0,0.0,0.0,1.0,1.0,rest
1769417420.0605204,4031,593,1.0,0.0,0.0,1.0,1.0,rest
1769417420.0615208,4031,594,1.0,0.0,0.0,1.0,1.0,rest
1769417420.0625193,4031,595,1.0,0.0,0.0,1.0,1.0,rest
1769417420.0660708,4031,596,1.0,0.0,0.0,1.0,1.0,rest
1769417420.0670784,4030,596,1.0,0.0,-1.0,0.0,1.0,rest
1769417420.0680785,4030,596,1.0,0.0,0.0,0.0,0.0,rest
1769417420.0690763,4029,596,1.0,0.0,-1.0,0.0,1.0,rest
1769417420.0700746,4029,597,1.0,0.0,0.0,1.0,1.0,rest
1769417420.0720766,4029,598,1.0,0.0,0.0,1.0,1.0,rest
1769417420.0730736,4029,599,1.0,0.0,0.0,1.0,1.0,rest
1769417420.0730736,4028,600,1.0,0.0,-1.0,1.0,1.4142135623730951,rest
1769417420.074547,4028,601,1.0,0.0,0.0,1.0,1.0,rest
1769417420.0755508,4027,601,1.0,0.0,-1.0,0.0,1.0,rest
1769417420.0765913,4027,602,1.0,0.0,0.0,1.0,1.0,rest
1769417420.0792413,4027,603,1.0,0.0,0.0,1.0,1.0,rest
1769417420.0792413,4027,604,1.0,0.0,0.0,1.0,1.0,rest
1769417420.0812478,4027,605,1.0,0.0,0.0,1.0,1.0,rest
1769417420.0822463,4027,607,1.0,0.0,0.0,2.0,2.0,down
1769417420.0822463,4026,608,1.0,0.0,-1.0,1.0,1.4142135623730951,rest
1769417420.0842507,4025,608,1.0,0.0,-1.0,0.0,1.0,rest
1769417420.085247,4025,609,1.0,0.0,0.0,1.0,1.0,rest
1769417420.0862465,4025,610,1.0,0.0,0.0,1.0,1.0,rest
1769417420.0862465,4025,611,1.0,0.0,0.0,1.0,1.0,rest
1769417420.0884206,4024,612,1.0,0.0,-1.0,1.0,1.4142135623730951,rest
1769417420.0884206,4024,614,1.0,0.0,0.0,2.0,2.0,down
1769417420.08942,4024,614,1.0,0.0,0.0,0.0,0.0,rest
1769417420.0919209,4023,615,1.0,0.0,-1.0,1.0,1.4142135623730951,rest
1769417420.0919209,4023,616,1.0,0.0,0.0,1.0,1.0,rest
1769417420.0943522,4023,617,1.0,0.0,0.0,1.0,1.0,rest
1769417420.0943522,4023,618,1.0,0.0,0.0,1.0,1.0,rest
1769417420.0954816,4022,618,1.0,0.0,-1.0,0.0,1.0,rest
1769417420.0974925,4022,620,1.0,0.0,0.0,2.0,2.0,down
1769417420.0984848,4022,621,1.0,0.0,0.0,1.0,1.0,rest
1769417420.0994904,4021,621,1.0,0.0,-1.0,0.0,1.0,rest
1769417420.1009994,4021,622,1.0,0.0,0.0,1.0,1.0,rest
1769417420.1020064,4021,623,1.0,0.0,0.0,1.0,1.0,rest
1769417420.1030045,4021,624,1.0,0.0,0.0,1.0,1.0,rest
1769417420.1040056,4021,625,1.0,0.0,0.0,1.0,1.0,rest
1769417420.1050076,4020,626,1.0,0.0,-1.0,1.0,1.4142135623730951,rest
1769417420.106008,4020,627,1.0,0.0,0.0,1.0,1.0,rest
1769417420.1070068,4020,628,1.0,0.0,0.0,1.0,1.0,rest
1769417420.1081882,4020,628,1.0,0.0,0.0,0.0,0.0,rest
1769417420.1091962,4019,629,1.0,0.0,-1.0,1.0,1.4142135623730951,rest
1769417420.1101906,4019,630,1.0,0.0,0.0,1.0,1.0,rest
1769417420.1111913,4018,630,1.0,0.0,-1.0,0.0,1.0,rest
1769417420.1121962,4018,631,1.0,0.0,0.0,1.0,1.0,rest
1769417420.1132054,4018,632,1.0,0.0,0.0,1.0,1.0,rest
1769417420.1142013,4017,632,1.0,0.0,-1.0,0.0,1.0,rest
1769417420.1151907,4017,633,1.0,0.0,0.0,1.0,1.0,rest
1769417420.1161942,4017,633,1.0,0.0,0.0,0.0,0.0,rest
1769417420.1161942,4017,634,1.0,0.0,0.0,1.0,1.0,rest
1769417420.119263,4017,635,1.0,0.0,0.0,1.0,1.0,rest
1769417420.1202629,4016,636,1.0,0.0,-1.0,1.0,1.4142135623730951,rest
1769417420.1202629,4016,637,1.0,0.0,0.0,1.0,1.0,rest
1769417420.121266,4016,638,1.0,0.0,0.0,1.0,1.0,rest
1769417420.1222744,4016,639,1.0,0.0,0.0,1.0,1.0,rest
1769417420.125269,4016,639,1.0,0.0,0.0,0.0,0.0,rest
1769417420.126266,4015,639,1.0,0.0,-1.0,0.0,1.0,rest
1769417420.1272664,4015,640,1.0,0.0,0.0,1.0,1.0,rest
1769417420.1282666,4015,641,1.0,0.0,0.0,1.0,1.0,rest
1769417420.1292677,4015,642,1.0,0.0,0.0,1.0,1.0,rest
1769417420.131267,4015,643,1.0,0.0,0.0,1.0,1.0,rest
1769417420.1322668,4015,644,1.0,0.0,0.0,1.0,1.0,rest
1769417420.1332674,4015,645,1.0,0.0,0.0,1.0,1.0,rest
1769417420.1352668,4015,645,1.0,0.0,0.0,0.0,0.0,rest
1769417420.1352668,4014,645,1.0,0.0,-1.0,0.0,1.0,rest
1769417420.137485,4014,646,1.0,0.0,0.0,1.0,1.0,rest
1769417420.138485,4014,647,1.0,0.0,0.0,1.0,1.0,rest
1769417420.140485,4013,648,1.0,0.0,-1.0,1.0,1.4142135623730951,rest
1769417420.1414852,4013,649,1.0,0.0,0.0,1.0,1.0,rest
1769417420.1414852,4012,650,1.0,0.0,-1.0,1.0,1.4142135623730951,rest
1769417420.1424844,4012,651,1.0,0.0,0.0,1.0,1.0,rest
1769417420.1444843,4012,651,1.0,0.0,0.0,0.0,0.0,rest
1769417420.1454847,4011,652,1.0,0.0,-1.0,1.0,1.4142135623730951,rest
1769417420.1474843,4011,653,1.0,0.0,0.0,1.0,1.0,rest
1769417420.1484847,4010,654,1.0,0.0,-1.0,1.0,1.4142135623730951,rest
1769417420.149485,4010,655,1.0,0.0,0.0,1.0,1.0,rest
1769417420.1504843,4010,656,1.0,0.0,0.0,1.0,1.0,rest
1769417420.1514835,4010,657,1.0,0.0,0.0,1.0,1.0,rest
1769417420.1524882,4010,657,1.0,0.0,0.0,0.0,0.0,rest
1769417420.1534848,4010,658,1.0,0.0,0.0,1.0,1.0,rest
1769417420.1544845,4009,659,1.0,0.0,-1.0,1.0,1.4142135623730951,rest
1769417420.155484,4009,660,1.0,0.0,0.0,1.0,1.0,rest
1769417420.156484,4009,661,1.0,0.0,0.0,1.0,1.0,rest
1769417420.1574852,4009,661,1.0,0.0,0.0,0.0,0.0,rest
1769417420.158486,4009,662,1.0,0.0,0.0,1.0,1.0,rest
1769417420.1594875,4009,662,1.0,0.0,0.0,0.0,0.0,rest
1769417420.161484,4009,663,1.0,0.0,0.0,1.0,1.0,rest
1769417420.1624846,4009,664,1.0,0.0,0.0,1.0,1.0,rest
1769417420.1644895,4009,665,1.0,0.0,0.0,1.0,1.0,rest
1769417420.1661878,4008,665,1.0,0.0,-1.0,0.0,1.0,rest
1769417420.1671882,4008,666,1.0,0.0,0.0,1.0,1.0,rest
1769417420.1671882,4007,667,1.0,0.0,-1.0,1.0,1.4142135623730951,rest
1769417420.16949,4007,668,1.0,0.0,0.0,1.0,1.0,rest
1769417420.173491,4007,669,1.0,0.0,0.0,1.0,1.0,rest
1769417420.1744905,4007,670,1.0,0.0,0.0,1.0,1.0,rest
1769417420.17649,4007,671,1.0,0.0,0.0,1.0,1.0,rest
1769417420.17649,4007,672,1.0,0.0,0.0,1.0,1.0,rest
1769417420.177493,4006,672,1.0,0.0,-1.0,0.0,1.0,rest
1769417420.1784909,4005,673,1.0,0.0,-1.0,1.0,1.4142135623730951,rest
1769417420.1804962,4005,674,1.0,0.0,0.0,1.0,1.0,rest
1769417420.18149,4005,675,1.0,0.0,0.0,1.0,1.0,rest
1769417420.18249,4005,675,1.0,0.0,0.0,0.0,0.0,rest
1769417420.18549,4004,676,1.0,0.0,-1.0,1.0,1.4142135623730951,rest
1769417420.186492,4004,677,1.0,0.0,0.0,1.0,1.0,rest
1769417420.1874902,4004,678,1.0,0.0,0.0,1.0,1.0,rest
1769417420.1884933,4004,679,1.0,0.0,0.0,1.0,1.0,rest
1769417420.1894894,4004,680,1.0,0.0,0.0,1.0,1.0,rest
1769417420.1904898,4004,681,1.0,0.0,0.0,1.0,1.0,rest
1769417420.19219,4003,681,1.0,0.0,-1.0,0.0,1.0,rest
1769417420.1933277,4003,683,1.0,0.0,0.0,2.0,2.0,down
1769417420.1943407,4003,684,1.0,0.0,0.0,1.0,1.0,rest
1769417420.1943407,4002,685,1.0,0.0,-1.0,1.0,1.4142135623730951,rest
1769417420.1961896,4002,686,1.0,0.0,0.0,1.0,1.0,rest
1769417420.1961896,4002,687,1.0,0.0,0.0,1.0,1.0,rest
1769417420.1973438,4002,687,1.0,0.0,0.0,0.0,0.0,rest
1769417420.198347,4001,688,1.0,0.0,-1.0,1.0,1.4142135623730951,rest
1769417420.1993468,4001,689,1.0,0.0,0.0,1.0,1.0,rest
1769417420.2013495,4000,690,1.0,0.0,-1.0,1.0,1.4142135623730951,rest
1769417420.2033472,4000,691,1.0,0.0,0.0,1.0,1.0,rest
1769417420.2043483,4000,692,1.0,0.0,0.0,1.0,1.0,rest
1769417420.207349,4000,693,1.0,0.0,0.0,1.0,1.0,rest
1769417420.207349,3999,693,1.0,0.0,-1.0,0.0,1.0,rest
1769417420.2083478,3999,694,1.0,0.0,0.0,1.0,1.0,rest
1769417420.210348,3999,695,1.0,0.0,0.0,1.0,1.0,rest
1769417420.2113483,3998,696,1.0,0.0,-1.0,1.0,1.4142135623730951,rest
1769417420.2133498,3998,697,1.0,0.0,0.0,1.0,1.0,rest
1769417420.21435,3998,698,1.0,0.0,0.0,1.0,1.0,rest
1769417420.2171893,3998,699,1.0,0.0,0.0,1.0,1.0,rest
1769417420.2181897,3998,699,1.0,0.0,0.0,0.0,0.0,rest
1769417420.2193534,3998,700,1.0,0.0,0.0,1.0,1.0,rest
1769417420.2213614,3998,701,1.0,0.0,0.0,1.0,1.0,rest
1769417420.2223587,3998,702,1.0,0.0,0.0,1.0,1.0,rest
1769417420.2233596,3997,703,1.0,0.0,-1.0,1.0,1.4142135623730951,rest
1769417420.225361,3997,704,1.0,0.0,0.0,1.0,1.0,rest
1769417420.2273588,3997,705,1.0,0.0,0.0,1.0,1.0,rest
1769417420.2303667,3996,705,1.0,0.0,-1.0,0.0,1.0,rest
1769417420.23236,3996,706,1.0,0.0,0.0,1.0,1.0,rest
1769417420.2353594,3996,707,1.0,0.0,0.0,1.0,1.0,rest
1769417420.2374043,3996,708,1.0,0.0,0.0,1.0,1.0,rest
1769417420.239406,3996,709,1.0,0.0,0.0,1.0,1.0,rest
1769417420.239406,3995,709,1.0,0.0,-1.0,0.0,1.0,rest
1769417420.2404044,3995,710,1.0,0.0,0.0,1.0,1.0,rest
1769417420.2414038,3995,710,1.0,0.0,0.0,0.0,0.0,rest
1769417420.243408,3995,711,1.0,0.0,0.0,1.0,1.0,rest
1769417420.2454066,3995,712,1.0,0.0,0.0,1.0,1.0,rest
1769417420.2474072,3995,713,1.0,0.0,0.0,1.0,1.0,rest
1769417420.249404,3995,714,1.0,0.0,0.0,1.0,1.0,rest
1769417420.2514036,3995,715,1.0,0.0,0.0,1.0,1.0,rest
1769417420.2524235,3994,716,1.0,0.0,-1.0,1.0,1.4142135623730951,rest
1769417420.2534044,3994,716,1.0,0.0,0.0,0.0,0.0,rest
1769417420.2554047,3994,717,1.0,0.0,0.0,1.0,1.0,rest
1769417420.257829,3994,718,1.0,0.0,0.0,1.0,1.0,rest
1769417420.2608354,3994,719,1.0,0.0,0.0,1.0,1.0,rest
1769417420.2661033,3994,720,1.0,0.0,0.0,1.0,1.0,rest
1769417420.2691023,3994,721,1.0,0.0,0.0,1.0,1.0,rest
1769417420.2713325,3994,722,1.0,0.0,0.0,1.0,1.0,rest
1769417420.2733395,3994,722,1.0,0.0,0.0,0.0,0.0,rest
1769417420.274336,3994,723,1.0,0.0,0.0,1.0,1.0,rest
1769417420.2803357,3994,724,1.0,0.0,0.0,1.0,1.0,rest
1769417420.2813373,3994,725,1.0,0.0,0.0,1.0,1.0,rest
1769417420.2853353,3994,726,1.0,0.0,0.0,1.0,1.0,rest
1769417420.2891898,3994,727,1.0,0.0,0.0,1.0,1.0,rest
1769417420.292651,3994,728,1.0,0.0,0.0,1.0,1.0,rest
1769417420.2983065,3994,728,1.0,0.0,0.0,0.0,0.0,rest
1769417420.302304,3994,729,1.0,0.0,0.0,1.0,1.0,rest
1769417420.302304,3994,730,1.0,0.0,0.0,1.0,1.0,rest
1769417420.3063052,3994,731,1.0,0.0,0.0,1.0,1.0,rest
1769417420.3083074,3994,732,1.0,0.0,0.0,1.0,1.0,rest
1769417420.312308,3994,733,1.0,0.0,0.0,1.0,1.0,rest
1769417420.3163073,3994,734,1.0,0.0,0.0,1.0,1.0,rest
1769417420.3201892,3994,734,1.0,0.0,0.0,0.0,0.0,rest
1769417420.322249,3994,735,1.0,0.0,0.0,1.0,1.0,rest
1769417420.3261912,3994,736,1.0,0.0,0.0,1.0,1.0,rest
1769417420.3273268,3994,737,1.0,0.0,0.0,1.0,1.0,rest
1769417420.3301892,3993,737,1.0,0.0,-1.0,0.0,1.0,rest
1769417420.3301892,3993,738,1.0,0.0,0.0,1.0,1.0,rest
1769417420.3331895,3993,740,1.0,0.0,0.0,2.0,2.0,down
1769417420.3353195,3993,740,1.0,0.0,0.0,0.0,0.0,rest
1769417420.3393245,3993,741,1.0,0.0,0.0,1.0,1.0,rest
1769417420.34081,3993,742,1.0,0.0,0.0,1.0,1.0,rest
1769417420.342833,3993,743,1.0,0.0,0.0,1.0,1.0,rest
1769417420.3438318,3993,744,1.0,0.0,0.0,1.0,1.0,rest
1769417420.3458333,3993,745,1.0,0.0,0.0,1.0,1.0,rest
1769417420.3468318,3992,745,1.0,0.0,-1.0,0.0,1.0,rest
1769417420.347834,3992,746,1.0,0.0,0.0,1.0,1.0,rest
1769417420.349613,3992,746,1.0,0.0,0.0,0.0,0.0,rest
1769417420.3526204,3992,747,1.0,0.0,0.0,1.0,1.0,rest
1769417420.355785,3992,748,1.0,0.0,0.0,1.0,1.0,rest
1769417420.3589582,3992,749,1.0,0.0,0.0,1.0,1.0,rest
1769417420.360346,3992,750,1.0,0.0,0.0,1.0,1.0,rest
1769417420.3623512,3992,751,1.0,0.0,0.0,1.0,1.0,rest
1769417420.3643603,3992,752,1.0,0.0,0.0,1.0,1.0,rest
1769417420.3671885,3992,752,1.0,0.0,0.0,0.0,0.0,rest
1769417420.3715703,3992,753,1.0,0.0,0.0,1.0,1.0,rest
1769417420.3765728,3992,754,1.0,0.0,0.0,1.0,1.0,rest
1769417420.9310634,3992,754,0.0,0.0,0.0,0.0,0.0,rest
1769417421.1347065,3992,755,0.0,0.0,0.0,1.0,1.0,rest
1769417421.1381905,3992,756,0.0,0.0,0.0,1.0,1.0,rest
1769417421.1415582,3992,757,0.0,0.0,0.0,1.0,1.0,rest
1769417421.143556,3992,758,0.0,0.0,0.0,1.0,1.0,rest
1769417421.146165,3991,758,0.0,0.0,-1.0,0.0,1.0,rest
1769417421.1502922,3991,759,0.0,0.0,0.0,1.0,1.0,rest
1769417421.1512911,3990,759,0.0,0.0,-1.0,0.0,1.0,rest
1769417421.154292,3990,760,0.0,0.0,0.0,1.0,1.0,rest
1769417421.157338,3989,761,0.0,0.0,-1.0,1.0,1.4142135623730951,rest
1769417421.1600313,3989,762,0.0,0.0,0.0,1.0,1.0,rest
1769417421.1610372,3988,762,0.0,0.0,-1.0,0.0,1.0,rest
1769417421.1620765,3988,763,0.0,0.0,0.0,1.0,1.0,rest
1769417421.16309,3988,764,0.0,0.0,0.0,1.0,1.0,rest
1769417421.1640918,3987,764,0.0,0.0,-1.0,0.0,1.0,rest
1769417421.1655138,3987,765,0.0,0.0,0.0,1.0,1.0,rest
1769417421.1667397,3987,766,0.0,0.0,0.0,1.0,1.0,rest
1769417421.1689198,3987,767,0.0,0.0,0.0,1.0,1.0,rest
1769417421.1701882,3986,768,0.0,0.0,-1.0,1.0,1.4142135623730951,rest
1769417421.171191,3986,769,0.0,0.0,0.0,1.0,1.0,rest
1769417421.1731913,3985,769,0.0,0.0,-1.0,0.0,1.0,rest
1769417421.1731913,3985,770,0.0,0.0,0.0,1.0,1.0,rest
1769417421.1744697,3984,771,0.0,0.0,-1.0,1.0,1.4142135623730951,rest
1769417421.175473,3983,771,0.0,0.0,-1.0,0.0,1.0,rest
1769417421.176473,3983,772,0.0,0.0,0.0,1.0,1.0,rest
1769417421.1784782,3983,773,0.0,0.0,0.0,1.0,1.0,rest
1769417421.1804795,3982,774,0.0,0.0,-1.0,1.0,1.4142135623730951,rest
1769417421.183069,3982,775,0.0,0.0,0.0,1.0,1.0,rest
1769417421.1844823,3981,775,0.0,0.0,-1.0,0.0,1.0,rest
1769417421.186489,3981,776,0.0,0.0,0.0,1.0,1.0,rest
1769417421.1884904,3980,776,0.0,0.0,-1.0,0.0,1.0,rest
1769417421.1894872,3980,777,0.0,0.0,0.0,1.0,1.0,rest
1769417421.191835,3980,778,0.0,0.0,0.0,1.0,1.0,rest
1769417421.1938374,3980,779,0.0,0.0,0.0,1.0,1.0,rest
1769417421.1960886,3980,779,0.0,0.0,0.0,0.0,0.0,rest
1769417421.1970887,3980,780,0.0,0.0,0.0,1.0,1.0,rest
1769417421.1991885,3979,781,0.0,0.0,-1.0,1.0,1.4142135623730951,rest
1769417421.2001882,3979,782,0.0,0.0,0.0,1.0,1.0,rest
1769417421.2021923,3978,783,0.0,0.0,-1.0,1.0,1.4142135623730951,rest
1769417421.2034867,3977,783,0.0,0.0,-1.0,0.0,1.0,rest
1769417421.2044935,3977,784,0.0,0.0,0.0,1.0,1.0,rest
1769417421.2054915,3976,784,0.0,0.0,-1.0,0.0,1.0,rest
1769417421.206491,3976,785,0.0,0.0,0.0,1.0,1.0,rest
1769417421.2095563,3976,786,0.0,0.0,0.0,1.0,1.0,rest
1769417421.2126462,3976,787,0.0,0.0,0.0,1.0,1.0,rest
1769417421.2146444,3975,787,0.0,0.0,-1.0,0.0,1.0,rest
1769417421.2158103,3975,788,0.0,0.0,0.0,1.0,1.0,rest
1769417421.2178156,3975,788,0.0,0.0,0.0,0.0,0.0,rest
1769417421.2208147,3974,789,0.0,0.0,-1.0,1.0,1.4142135623730951,rest
1769417421.2238164,3974,790,0.0,0.0,0.0,1.0,1.0,rest
1769417421.225884,3974,790,0.0,0.0,0.0,0.0,0.0,rest
1769417421.2268164,3974,791,0.0,0.0,0.0,1.0,1.0,rest
1769417421.229817,3974,792,0.0,0.0,0.0,1.0,1.0,rest
1769417421.2331543,3974,793,0.0,0.0,0.0,1.0,1.0,rest
1769417421.2381935,3974,793,0.0,0.0,0.0,0.0,0.0,rest
1769417421.2390685,3973,794,0.0,0.0,-1.0,1.0,1.4142135623730951,rest
1769417421.24119,3973,795,0.0,0.0,0.0,1.0,1.0,rest
1769417421.2421875,3973,796,0.0,0.0,0.0,1.0,1.0,rest
1769417421.2470777,3972,797,0.0,0.0,-1.0,1.0,1.4142135623730951,rest
1769417421.2510774,3972,798,0.0,0.0,0.0,1.0,1.0,rest
1769417421.253276,3972,799,0.0,0.0,0.0,1.0,1.0,rest
1769417421.2542796,3971,799,0.0,0.0,-1.0,0.0,1.0,rest
1769417421.2552798,3971,800,0.0,0.0,0.0,1.0,1.0,rest
1769417421.2562804,3971,801,0.0,0.0,0.0,1.0,1.0,rest
1769417421.258279,3971,802,0.0,0.0,0.0,1.0,1.0,rest
1769417421.2601893,3970,802,0.0,0.0,-1.0,0.0,1.0,rest
1769417421.2601893,3970,803,0.0,0.0,0.0,1.0,1.0,rest
1769417421.2650745,3970,804,0.0,0.0,0.0,1.0,1.0,rest
1769417421.267068,3969,805,0.0,0.0,-1.0,1.0,1.4142135623730951,rest
1769417421.2690828,3969,805,0.0,0.0,0.0,0.0,0.0,rest
1769417421.2700868,3969,805,0.0,0.0,0.0,0.0,0.0,rest
1769417421.2710838,3969,806,0.0,0.0,0.0,1.0,1.0,rest
1769417421.2741003,3969,807,0.0,0.0,0.0,1.0,1.0,rest
1769417421.2811062,3968,807,0.0,0.0,-1.0,0.0,1.0,rest
1769417421.2821076,3968,808,0.0,0.0,0.0,1.0,1.0,rest
1769417421.2841077,3968,809,0.0,0.0,0.0,1.0,1.0,rest
1769417421.2871902,3967,809,0.0,0.0,-1.0,0.0,1.0,rest
1769417421.288195,3967,810,0.0,0.0,0.0,1.0,1.0,rest
1769417421.294482,3967,811,0.0,0.0,0.0,1.0,1.0,rest
1769417421.2964818,3967,811,0.0,0.0,0.0,0.0,0.0,rest
1769417421.3018162,3966,811,0.0,0.0,-1.0,0.0,1.0,rest
1769417421.306564,3966,812,0.0,0.0,0.0,1.0,1.0,rest
1769417421.3664842,3966,813,0.0,0.0,0.0,1.0,1.0,rest
1769417421.3873308,3966,814,0.0,0.0,0.0,1.0,1.0,rest
1769417421.3883305,3965,814,0.0,0.0,-1.0,0.0,1.0,rest
1769417421.3893335,3965,815,0.0,0.0,0.0,1.0,1.0,rest
1769417421.3915691,3965,816,0.0,0.0,0.0,1.0,1.0,rest
1769417421.3935757,3964,817,0.0,0.0,-1.0,1.0,1.4142135623730951,rest
1769417421.398116,3963,817,0.0,0.0,-1.0,0.0,1.0,rest
1769417421.4011235,3963,817,0.0,0.0,0.0,0.0,0.0,rest
1769417421.405497,3963,818,0.0,0.0,0.0,1.0,1.0,rest
1769417421.4095,3963,819,0.0,0.0,0.0,1.0,1.0,rest
1769417421.4141262,3963,819,0.0,0.0,0.0,0.0,0.0,rest
1769417421.421034,3963,820,0.0,0.0,0.0,1.0,1.0,rest
1769417421.5476153,3963,820,1.0,0.0,0.0,0.0,0.0,rest
1769417421.5909293,3963,821,1.0,0.0,0.0,1.0,1.0,rest
1769417421.6645105,3963,821,1.0,0.0,0.0,0.0,0.0,rest
1769417421.6781893,3963,821,0.0,0.0,0.0,0.0,0.0,rest
